# ************************************************************
# Sequel Pro SQL dump
# Version 4499
#
# http://www.sequelpro.com/
# https://github.com/sequelpro/sequelpro
#
# Hôte: 127.0.0.1 (MySQL 5.6.22)
# Base de données: globalview
# Temps de génération: 2016-01-15 19:44:28 +0000
# ************************************************************


/*!40101 SET @OLD_CHARACTER_SET_CLIENT=@@CHARACTER_SET_CLIENT */;
/*!40101 SET @OLD_CHARACTER_SET_RESULTS=@@CHARACTER_SET_RESULTS */;
/*!40101 SET @OLD_COLLATION_CONNECTION=@@COLLATION_CONNECTION */;
/*!40101 SET NAMES utf8 */;
/*!40014 SET @OLD_FOREIGN_KEY_CHECKS=@@FOREIGN_KEY_CHECKS, FOREIGN_KEY_CHECKS=0 */;
/*!40101 SET @OLD_SQL_MODE=@@SQL_MODE, SQL_MODE='NO_AUTO_VALUE_ON_ZERO' */;
/*!40111 SET @OLD_SQL_NOTES=@@SQL_NOTES, SQL_NOTES=0 */;


# Affichage de la table gv_booking
# ------------------------------------------------------------

DROP TABLE IF EXISTS `gv_booking`;

CREATE TABLE `gv_booking` (
  `id` int(11) NOT NULL AUTO_INCREMENT,
  `name` varchar(1024) CHARACTER SET utf8 NOT NULL,
  `email` varchar(200) CHARACTER SET utf8 NOT NULL DEFAULT '',
  `vat` varchar(200) NOT NULL DEFAULT '',
  `phone` varchar(200) NOT NULL DEFAULT '',
  `treated` tinyint(1) NOT NULL DEFAULT '0',
  `created` datetime NOT NULL,
  `modified` datetime NOT NULL,
  `flightId` int(11) NOT NULL,
  `comment` text NOT NULL,
  `isContactRequest` tinyint(1) NOT NULL DEFAULT '0',
  PRIMARY KEY (`id`)
) ENGINE=InnoDB DEFAULT CHARSET=latin1;

LOCK TABLES `gv_booking` WRITE;
/*!40000 ALTER TABLE `gv_booking` DISABLE KEYS */;

INSERT INTO `gv_booking` (`id`, `name`, `email`, `vat`, `phone`, `treated`, `created`, `modified`, `flightId`, `comment`, `isContactRequest`)
VALUES
	(10,'Mathieu De Keyzer','mathieu@dekeyzer.net','','+3223743444',0,'2016-01-14 23:37:27','2016-01-14 23:37:27',0,'',0),
	(11,'Mathieu De Keyzer','mathieu@dekeyzer.net','','+3223743444',0,'2016-01-14 23:38:11','2016-01-14 23:38:11',5,'',0),
	(12,'Mathieu De Keyzer','mathieu@dekeyzer.net','','+3223743444',0,'2016-01-15 00:54:58','2016-01-15 00:54:58',3,'',0),
	(13,'Mathieu De Keyzer','mathieu@dekeyzer.net','','+3223743444',0,'2016-01-15 00:55:44','2016-01-15 00:55:44',5,'',0),
	(14,'Mathieu De Keyzer','mathieu@dekeyzer.net','','+3223743444',0,'2016-01-15 00:56:09','2016-01-15 00:56:09',5,'',0),
	(15,'Mathieu De Keyzer','mathieu@dekeyzer.net','','+3223743444',0,'2016-01-15 01:05:26','2016-01-15 01:05:26',6,'',0),
	(16,'Mathieu De Keyzer','mathieu@dekeyzer.net','','+3223743444',0,'2016-01-15 01:05:30','2016-01-15 01:05:30',6,'',0),
	(17,'Mathieu De Keyzer','mathieu@dekeyzer.net','','+3223743444',0,'2016-01-15 01:05:32','2016-01-15 01:05:32',6,'',0),
	(18,'Mathieu De Keyzer','mathieu@dekeyzer.net','','+3223743444',0,'2016-01-15 01:13:35','2016-01-15 01:13:35',6,'',0),
	(19,'Mathieu De Keyzer','mathieu@dekeyzer.net','','+3223743444',0,'2016-01-15 01:13:53','2016-01-15 01:13:53',6,'',0),
	(20,'Mathieu De Keyzer','mathieu@dekeyzer.net','','+3223743444',0,'2016-01-15 01:18:07','2016-01-15 01:18:07',3,'',0),
	(21,'Mathieu De Keyzer','mathieu@dekeyzer.net','','+3223743444',0,'2016-01-15 01:19:17','2016-01-15 01:19:17',3,'',0),
	(22,'Mathieu De Keyzer','mathieu@dekeyzer.net','','+3223743444',0,'2016-01-15 01:20:07','2016-01-15 01:20:07',6,'',0),
	(23,'Mathieu De Keyzer','mathieu@dekeyzer.net','','+3223743444',0,'2016-01-15 01:21:15','2016-01-15 01:21:15',3,'',0),
	(24,'Mathieu De Keyzer','mathieu@dekeyzer.net','','+3223743444',0,'2016-01-15 01:37:25','2016-01-15 01:37:25',3,'',0),
	(25,'De Keyzer Mathieu','theus77@gmail.com','','',0,'2016-01-15 01:38:33','2016-01-15 01:38:33',3,'',0),
	(26,'Mathieu De Keyzer','mathieu@dekeyzer.net','','+33478670047',0,'2016-01-15 01:40:29','2016-01-15 01:40:29',6,'',0),
	(27,'Mathieu de Keyzer ','ma@theus.be','123','',0,'2016-01-15 01:59:29','2016-01-15 01:59:29',3,'',0),
	(28,'Mathieu De Keyzer','mathieu@dekeyzer.net','44444','+3223743444',0,'2016-01-15 20:35:42','2016-01-15 20:35:42',6,'',0);

/*!40000 ALTER TABLE `gv_booking` ENABLE KEYS */;
UNLOCK TABLES;


# Affichage de la table gv_flights
# ------------------------------------------------------------

DROP TABLE IF EXISTS `gv_flights`;

CREATE TABLE `gv_flights` (
  `id` int(11) NOT NULL AUTO_INCREMENT,
  `name` varchar(1024) CHARACTER SET utf8 NOT NULL,
  `body` text CHARACTER SET utf8 NOT NULL,
  `placeId` varchar(200) NOT NULL DEFAULT '',
  `cost` int(11) NOT NULL,
  `weight` int(11) NOT NULL,
  `published` tinyint(1) NOT NULL,
  `created` datetime NOT NULL,
  `modified` datetime NOT NULL,
  PRIMARY KEY (`id`)
) ENGINE=InnoDB DEFAULT CHARSET=latin1;

LOCK TABLES `gv_flights` WRITE;
/*!40000 ALTER TABLE `gv_flights` DISABLE KEYS */;

INSERT INTO `gv_flights` (`id`, `name`, `body`, `placeId`, `cost`, `weight`, `published`, `created`, `modified`)
VALUES
	(3,'Brussel center','<p><img alt=\"Localisation de la province en Belgique\" src=\"https://upload.wikimedia.org/wikipedia/commons/thumb/9/95/Province_of_Antwerp_%28Belgium%29_location.svg/langfr-280px-Province_of_Antwerp_%28Belgium%29_location.svg.png\" /></p>\r\n\r\n<p>Donec sed odio dui. Etiam porta sem malesuada magna mollis euismod. Nullam id dolor id nibh ultricies vehicula ut id elit. Morbi leo risus, porta ac consectetur ac, vestibulum at eros. Praesent commodo cursus magna.</p>\r\n','alUrqItUSLe4KLAcRSXF5g',675,1,1,'2015-05-25 01:05:21','2016-01-13 18:14:43'),
	(5,'Grand Duchy of Luxembourg','<p><img alt=\"Localisation de la province en Belgique\" src=\"https://upload.wikimedia.org/wikipedia/commons/thumb/9/95/Province_of_Antwerp_%28Belgium%29_location.svg/langfr-280px-Province_of_Antwerp_%28Belgium%29_location.svg.png\" /></p>\r\n\r\n<p>Donec sed odio dui. Cras justo odio, dapibus ac facilisis in, egestas eget quam. Vestibulum id ligula porta felis euismod semper. Fusce dapibus, tellus ac cursus commodo, tortor mauris condimentum nibh, ut fermentum massa justo sit amet risus.</p>\r\n','alUrqItUSLe4KLAcRSXF5g',715,0,1,'2015-05-25 01:07:10','2016-01-12 23:07:45'),
	(6,'Not yet planned ?','<p><img alt=\"Localisation de la province en Belgique\" src=\"https://upload.wikimedia.org/wikipedia/commons/thumb/9/95/Province_of_Antwerp_%28Belgium%29_location.svg/langfr-280px-Province_of_Antwerp_%28Belgium%29_location.svg.png\" /></p>\r\n\r\n<p>&nbsp;</p>\r\n\r\n<p>Duis autem vel eum iriure dolor in hendrerit in vulputate velit esse molestie consequat, vel illum dolore eu feugiat nulla facilisis at vero eros et accumsan et iusto odio dignissim qui blandit praesent luptatum zzril delenit augue duis dolore te feugait nulla facilisi. Lorem ipsum dolor sit amet, consectetuer adipiscing elit, sed diam nonummy nibh euismod tincidunt ut laoreet dolore magna aliquam erat volutpat.</p>\r\n','',485,2,1,'2015-06-29 15:08:01','2016-01-14 23:06:34');

/*!40000 ALTER TABLE `gv_flights` ENABLE KEYS */;
UNLOCK TABLES;


# Affichage de la table gv_galleries
# ------------------------------------------------------------

DROP TABLE IF EXISTS `gv_galleries`;

CREATE TABLE `gv_galleries` (
  `id` int(11) NOT NULL AUTO_INCREMENT,
  `name` varchar(1024) NOT NULL,
  `zip` varchar(200) NOT NULL,
  `counter` int(11) NOT NULL,
  `url` varchar(2048) NOT NULL,
  `thumbUuid` varchar(256) NOT NULL,
  `homepage` tinyint(1) NOT NULL,
  `keyword` tinyint(1) NOT NULL,
  `weight` int(11) NOT NULL,
  `published` tinyint(1) NOT NULL,
  `created` datetime NOT NULL,
  `modified` datetime NOT NULL,
  `slug` varchar(200) NOT NULL DEFAULT '',
  `query` text NOT NULL,
  PRIMARY KEY (`id`)
) ENGINE=InnoDB DEFAULT CHARSET=latin1;

LOCK TABLES `gv_galleries` WRITE;
/*!40000 ALTER TABLE `gv_galleries` DISABLE KEYS */;

INSERT INTO `gv_galleries` (`id`, `name`, `zip`, `counter`, `url`, `thumbUuid`, `homepage`, `keyword`, `weight`, `published`, `created`, `modified`, `slug`, `query`)
VALUES
	(1,'Le meilleur de 2014','',20,'','mdj-uYKYRcKijVxex3LdaQ',1,0,0,1,'2016-01-13 00:03:10','2016-01-13 00:03:10','meilleur_de_2014','{\n   \"query\": {\n      \"bool\": {\n         \"must\": [\n            {\n               \"range\": {\n                  \"date\": {\n                     \"from\": \"2014/01/01\",\n                     \"to\": \"2014/12/31\",\n                    \"format\": \"yyyy/MM/dd\"\n                  }\n               }\n            },\n            {\n               \"term\": {\n                  \"rating\": {\n                     \"value\": 5\n                  }\n               }\n            }\n         ]\n      }\n   }\n}'),
	(4,'Ouvrages d\'art ÃƒÂ  Bruxelles','',5,'','Y58XjauoTZSByLyiSxdboQ',1,0,0,1,'2016-01-13 12:42:54','2016-01-13 12:42:55','art_a_bruxelles','{\r\n   \"query\": {\r\n      \"bool\": {\r\n         \"must\": [\r\n            {\r\n               \"nested\": {\r\n                  \"path\": \"Keywords\",\r\n                  \"query\": {\r\n                      \"term\": {\r\n                         \"Keywords.uuid\": {\r\n                            \"value\": \"SSjwgQDJSaSWfc44IUKhgQ\"\r\n                         }\r\n                      }\r\n                  }\r\n               }\r\n            },\r\n            {\r\n               \"nested\": {\r\n                  \"path\": \"locations\",\r\n                  \"query\": {\r\n                      \"term\": {\r\n                         \"locations.uuid\": {\r\n                            \"value\": \"koQ6iIs7QSC0xFC_dKQolg\"\r\n                         }\r\n                      }\r\n                  }\r\n               }\r\n            }\r\n         ]\r\n      }\r\n   }\r\n}'),
	(8,'Ponts','',16,'','1gjwc3UoTK6bquMUbS-9Lw',1,0,0,1,'2016-01-13 12:52:11','2016-01-13 12:52:11','ponts','{\r\n   \"query\": {\r\n      \"bool\": {\r\n         \"must\": [\r\n            {\r\n               \"nested\": {\r\n                  \"path\": \"Keywords\",\r\n                  \"query\": {\r\n                      \"term\": {\r\n                         \"Keywords.uuid\": {\r\n                            \"value\": \"GkOPaiNVQqq17s30tN-Yeg\"\r\n                         }\r\n                      }\r\n                  }\r\n               }\r\n            }\r\n         ]\r\n      }\r\n   }\r\n}');

/*!40000 ALTER TABLE `gv_galleries` ENABLE KEYS */;
UNLOCK TABLES;


# Affichage de la table gv_i18n
# ------------------------------------------------------------

DROP TABLE IF EXISTS `gv_i18n`;

CREATE TABLE `gv_i18n` (
  `id` int(10) NOT NULL AUTO_INCREMENT,
  `locale` varchar(6) NOT NULL,
  `model` varchar(255) NOT NULL,
  `foreign_key` int(10) NOT NULL,
  `field` varchar(255) NOT NULL,
  `content` text,
  PRIMARY KEY (`id`),
  KEY `locale` (`locale`),
  KEY `model` (`model`),
  KEY `row_id` (`foreign_key`),
  KEY `field` (`field`)
) ENGINE=InnoDB DEFAULT CHARSET=latin1;

LOCK TABLES `gv_i18n` WRITE;
/*!40000 ALTER TABLE `gv_i18n` DISABLE KEYS */;

INSERT INTO `gv_i18n` (`id`, `locale`, `model`, `foreign_key`, `field`, `content`)
VALUES
	(7,'fr','Wysiwyg',3,'value','<h2>Techniques</h2>\r\n\r\n<h3>Le photographe</h3>\r\n\r\n<p>Simon Schmitt est d&rsquo;origine fran&ccedil;aise. Il s&rsquo;est install&eacute; en Belgique au d&eacute;but des ann&eacute;es 2000 et n&rsquo;a depuis cess&eacute; d&rsquo;explorer et d&rsquo;aimer son pays (d&rsquo;accueil&nbsp;?).&nbsp;Simon Schmitt est architecte de formation ce qui lui donne un regard affin&eacute; sur les &eacute;l&eacute;ments du relief, l&rsquo;appr&eacute;ciation d&rsquo;un site dans son environnement tridimentionnel et la multitude d&rsquo;angles d&rsquo;approche.&nbsp;Cela explique cette touche personnelle qui fait la r&eacute;putation de son travail.</p>\r\n\r\n<p>Pour pouvoir valoriser un sit<span class=\"marker\">e de construction dans son ensemble, il avait introduit le premier en Belgique la prise de vue a&eacute;rienne &agrave; partir d&rsquo;un Zepelin captif. Mais rapidement, le ballon captif s&rsquo;est av&eacute;r&eacute; limit&eacute; dans ses possibilit&eacute;s (altitude max de travail, poids du mat&eacute;riel limit&eacute;, rayon d&rsquo;action restreint). C&rsquo;est tout naturellement que Simon Schmitt s&rsquo;est alors orient&eacute; vers &nbsp;la prise de vue &agrave; partir d&rsquo;h&eacute;licopt&egrave;res, alli&eacute;s par excellence du photograp</span>he a&eacute;rien.&nbsp;En artisan (professionnel&nbsp;?)exigeant, Simon Schmitt travaille toujours avec le meilleur mat&eacute;riel (boitiers et optiques) disponible sur le march&eacute;.</p>\r\n\r\n<h3>L&rsquo;h&eacute;licopt&egrave;re</h3>\r\n\r\n<p>Les avantages de la prise de vue en h&eacute;licopt&egrave;re sont nombreux:</p>\r\n\r\n<ul>\r\n	<li>L&rsquo;h&eacute;licot&egrave;re permet de voler &agrave; <strong>toutes les altitudes</strong>, du sol &agrave; plus de 1000 m&egrave;tres selon les besoins. Cela permet de r&eacute;aliser aussi bien des <strong>vues rapproch&eacute;es</strong> ou de d&eacute;tails, que des <strong>vues d&rsquo;ensemble, </strong>m&ecirc;me pour de <strong>grands sites</strong>, sans necessaire recours &agrave; un objectif grand-angulaire.</li>\r\n	<li>L&rsquo;h&eacute;licopt&egrave;re peut voler <strong>partout</strong>&nbsp;! Sauf &agrave; quelques rares exceptions&nbsp;comme les propri&eacute;t&eacute;s royales, certains domaines militaires ou installations nucl&eacute;aires, il exploite &agrave; sa guise la totalit&eacute; de l&rsquo;espace a&eacute;rien. Certaines zones necessitent toutefois une d&eacute;rogation de survol (zone interdite de Bruxelles par exemple) et pour une question de s&eacute;curit&eacute;, l&rsquo;utilisation obligatoire d&rsquo;h&eacute;licopt&egrave;res bi-turbines lors les vols &agrave; basse altitude sur les grandes agglom&eacute;rations.</li>\r\n	<li>Du point de vue photographique surtout, l&rsquo;h&eacute;licopt&egrave;re permet au bin&ocirc;me pilote+photographe de se positionner pr&eacute;cis&eacute;ment et avec une <strong>grande souplesse</strong> (vitesse, rayon de gyration, recul ou rapprochement) afin de rechercher &agrave; loisir les angles et cadrages les plus pertinents.&nbsp;NB&nbsp;: les vols sont toujours r&eacute;alis&eacute;s sans porte&nbsp;: le photographe peut ainsi utiliser de mani&egrave;re optimale le mat&eacute;riel photographique performant dont il dispose &agrave; bord.</li>\r\n	<li>Le <strong>grand rayon d&rsquo;action</strong> de l&rsquo;h&eacute;licopt&egrave;re permet de r&eacute;aliser un nombre important de missions en un temps r&eacute;duit et de profiter ainsi pleinement des rares jours de beau temps mettant en valeur les sites.</li>\r\n</ul>\r\n\r\n<p>Simon Schmitt pr&eacute;pare ses missions en amo<span class=\"marker\">nt et <strong>optimise</strong> ses plans de</span> vol. Son r&eacute;seau d&rsquo;excellents pilotes et les nombreux h&eacute;liports &agrave; disposition lui permettent de proposer ses services de grande qualit&eacute; &agrave; des <strong>prix tr&egrave;s avantageux</strong>.</p>\r\n\r\n<h3>M&eacute;t&eacute;o &amp; Saison</h3>\r\n\r\n<p>Pour r&eacute;aliser des photos de qualit&eacute;, une bonne lumi&egrave;re est indispensable&nbsp;; les vols s&rsquo;effectuent de pr&eacute;f&eacute;rence par <strong>grand beau temps</strong>. Notre climat &eacute;tant vari&eacute; et difficile, les journ&eacute;es propices &agrave; la bonne r&eacute;alisation de photos a&eacute;riennes sont intensivement mises &agrave; profit pour effectuer les missions pr&eacute;alablement pr&eacute;par&eacute;es.</p>\r\n\r\n<p>Notre <strong>peine saison</strong> d&eacute;bute chaque ann&eacute;e &agrave; la <strong>mi-Mars</strong>, d&egrave;s l&rsquo;&eacute;closion de la v&eacute;g&eacute;tation printani&egrave;re pour se terminer <strong>mi-novembre</strong> avec le feu d&rsquo;artifice automnal comme bouquet final.</p>\r\n\r\n<p>Pour les photos plus <strong>technique</strong> (type sites industriels, chantiers de construction, etc.), les vols se poursuivent <strong>toute l&rsquo;ann&eacute;e</strong>, en fonction des commandes.</p>\r\n'),
	(8,'nl','Wysiwyg',3,'value','<h2>Technieken</h2>\r\n\r\n<h3>De fotograaf</h3>\r\n\r\n<p>Ut wisi enim ad minim veniam, quis nostrud exerci tation ullamcorper suscipit lobortis nisl ut aliquip ex ea commodo consequat. Duis autem vel eum iriure dolor in hendrerit in vulputate velit esse molestie consequat, vel illum dolore eu feugiat nulla facilisis at vero eros et accumsan et iusto odio dignissim qui blandit praesent luptatum zzril delenit augue duis dolore te feugait nulla facilisi.</p>\r\n\r\n<p>Consetetur sadipscing elitr, sed diam nonumy eirmod tempor invidunt ut labore et dolore magna aliquyam erat, sed diam voluptua. At vero eos et accusam et justo duo dolores et ea rebum. Stet clita kasd gubergren, no sea takimata sanctus est Lorem ipsum dolor sit amet. Lorem ipsum dolor sit amet, consetetur sadipscing elitr, sed diam nonumy eirmod tempor invidunt ut labore et dolore magna aliquyam erat, sed diam voluptua. At vero eos et accusam et justo duo dolores et ea rebum. Stet clita kasd gubergren, no sea takimata sanctus est Lorem ipsum dolor sit amet. Lorem ipsum dolor sit amet, consetetur sadipscing elitr, sed diam nonumy eirmod tempor invidunt ut labore et dolore magna aliquyam erat, sed diam voluptua. At vero eos et accusam et justo duo dolores et ea rebum. Stet clita kasd gubergren, no sea takimata sanctus.</p>\r\n\r\n<h3>De helikopter</h3>\r\n\r\n<p>Ut wisi enim ad minim veniam, quis nostrud exerci tation ullamcorper suscipit lobortis:</p>\r\n\r\n<ul>\r\n	<li>Consetetur sadipscing elitr, sed diam nonumy eirmod tempor invidunt ut labore et dolore magna aliquyam erat, sed diam voluptua. At vero eos et accusam et justo duo dolores et ea rebum. Stet clita kasd gubergren, no sea takimata sanctus est Lorem ipsum dolor sit amet.</li>\r\n	<li>Lorem ipsum dolor sit amet, consetetur sadipscing elitr, sed diam nonumy eirmod tempor invidunt ut labore et dolore magna aliquyam erat, sed diam voluptua.</li>\r\n	<li>At vero eos et accusam et justo duo dolores et ea rebum. Stet clita kasd gubergren, no sea takimata sanctus est Lorem ipsum dolor sit amet. Lorem ipsum dolor sit amet, consetetur sadipscing elitr, sed diam nonumy eirmod tempor invidunt ut labore et dolore magna aliquyam erat, sed diam voluptua.</li>\r\n	<li>At vero eos et accusam et justo duo dolores et ea rebum. Stet clita kasd gubergren, no sea takimata sanctus.</li>\r\n</ul>\r\n\r\n<p>Lorem ipsum dolor sit amet, consetetur sadipscing elitr, sed diam nonumy eirmod tempor invidunt ut labore et dolore magna aliquyam erat, sed diam voluptua. At vero eos et accusam et justo duo dolores et ea rebum. Stet clita kasd gubergren, no sea takimata sanctus est Lorem ipsum dolor sit amet. Lorem ipsum dolor sit amet, consetetur sadipscing elitr, sed diam nonumy eirmod tempor invidunt ut labore et dolore magna aliquyam erat, sed diam voluptua. At vero eos et accusam et justo duo dolores et ea rebum. Stet clita kasd gubergren, no sea takimata sanctus est Lorem ipsum dolor sit amet. Lorem ipsum dolor sit amet, consetetur sadipscing elitr, sed diam nonumy eirmod tempor invidunt ut labore et dolore magna aliquyam erat, sed diam voluptua. At vero eos et accusam et justo duo dolores et ea rebum. Stet clita kasd gubergren, no sea takimata sanctus est Lorem ipsum dolor sit amet.</p>\r\n\r\n<h3>Weather</h3>\r\n\r\n<p>Lorem ipsum dolor sit amet, consetetur sadipscing elitr, sed diam nonumy eirmod tempor invidunt ut labore et dolore magna aliquyam erat, sed diam voluptua. At vero eos et accusam et justo duo dolores et ea rebum. Stet clita kasd gubergren, no sea takimata sanctus est Lorem ipsum dolor sit amet. Lorem ipsum dolor sit amet, consetetur sadipscing elitr, sed diam nonumy eirmod tempor invidunt ut labore et dolore magna aliquyam erat, sed diam voluptua. At vero eos et accusam et justo duo dolores et ea rebum. Stet clita kasd gubergren, no sea takimata sanctus est Lorem ipsum dolor sit amet.&nbsp;</p>\r\n\r\n<p>Lorem ipsum dolor sit amet, consetetur sadipscing elitr, sed diam nonumy eirmod tempor invidunt ut labore et dolore magna aliquyam erat, sed diam voluptua. At vero eos et accusam et justo duo dolores et ea rebum. Stet clita kasd gubergren, no sea takimata sanctus est Lorem ipsum dolor sit amet.</p>\r\n'),
	(9,'en','Wysiwyg',3,'value','<h2>Techniques</h2>\r\n\r\n<h3>The photographer</h3>\r\n\r\n<p>Ut wisi enim ad minim veniam, quis nostrud exerci tation ullamcorper suscipit lobortis nisl ut aliquip ex ea commodo consequat. Duis autem vel eum iriure dolor in hendrerit in vulputate velit esse molestie consequat, vel illum dolore eu feugiat nulla facilisis at vero eros et accumsan et iusto odio dignissim qui blandit praesent luptatum zzril delenit augue duis dolore te feugait nulla facilisi.</p>\r\n\r\n<p>Consetetur sadipscing elitr, sed diam nonumy eirmod tempor invidunt ut labore et dolore magna aliquyam erat, sed diam voluptua. At vero eos et accusam et justo duo dolores et ea rebum. Stet clita kasd gubergren, no sea takimata sanctus est Lorem ipsum dolor sit amet. Lorem ipsum dolor sit amet, consetetur sadipscing elitr, sed diam nonumy eirmod tempor invidunt ut labore et dolore magna aliquyam erat, sed diam voluptua. At vero eos et accusam et justo duo dolores et ea rebum. Stet clita kasd gubergren, no sea takimata sanctus est Lorem ipsum dolor sit amet. Lorem ipsum dolor sit amet, consetetur sadipscing elitr, sed diam nonumy eirmod tempor invidunt ut labore et dolore magna aliquyam erat, sed diam voluptua. At vero eos et accusam et justo duo dolores et ea rebum. Stet clita kasd gubergren, no sea takimata sanctus.</p>\r\n\r\n<h3>The helicopter</h3>\r\n\r\n<p>Ut wisi enim ad minim veniam, quis nostrud exerci tation ullamcorper suscipit lobortis:</p>\r\n\r\n<ul>\r\n	<li>Consetetur sadipscing elitr, sed diam nonumy eirmod tempor invidunt ut labore et dolore magna aliquyam erat, sed diam voluptua. At vero eos et accusam et justo duo dolores et ea rebum. Stet clita kasd gubergren, no sea takimata sanctus est Lorem ipsum dolor sit amet.</li>\r\n	<li>Lorem ipsum dolor sit amet, consetetur sadipscing elitr, sed diam nonumy eirmod tempor invidunt ut labore et dolore magna aliquyam erat, sed diam voluptua.</li>\r\n	<li>At vero eos et accusam et justo duo dolores et ea rebum. Stet clita kasd gubergren, no sea takimata sanctus est Lorem ipsum dolor sit amet. Lorem ipsum dolor sit amet, consetetur sadipscing elitr, sed diam nonumy eirmod tempor invidunt ut labore et dolore magna aliquyam erat, sed diam voluptua.</li>\r\n	<li>At vero eos et accusam et justo duo dolores et ea rebum. Stet clita kasd gubergren, no sea takimata sanctus.</li>\r\n</ul>\r\n\r\n<p>Lorem ipsum dolor sit amet, consetetur sadipscing elitr, sed diam nonumy eirmod tempor invidunt ut labore et dolore magna aliquyam erat, sed diam voluptua. At vero eos et accusam et justo duo dolores et ea rebum. Stet clita kasd gubergren, no sea takimata sanctus est Lorem ipsum dolor sit amet. Lorem ipsum dolor sit amet, consetetur sadipscing elitr, sed diam nonumy eirmod tempor invidunt ut labore et dolore magna aliquyam erat, sed diam voluptua. At vero eos et accusam et justo duo dolores et ea rebum. Stet clita kasd gubergren, no sea takimata sanctus est Lorem ipsum dolor sit amet. Lorem ipsum dolor sit amet, consetetur sadipscing elitr, sed diam nonumy eirmod tempor invidunt ut labore et dolore magna aliquyam erat, sed diam voluptua. At vero eos et accusam et justo duo dolores et ea rebum. Stet clita kasd gubergren, no sea takimata sanctus est Lorem ipsum dolor sit amet.</p>\r\n\r\n<h3>Weer</h3>\r\n\r\n<p>Lorem ipsum dolor sit amet, consetetur sadipscing elitr, sed diam nonumy eirmod tempor invidunt ut labore et dolore magna aliquyam erat, sed diam voluptua. At vero eos et accusam et justo duo dolores et ea rebum. Stet clita kasd gubergren, no sea takimata sanctus est Lorem ipsum dolor sit amet. Lorem ipsum dolor sit amet, consetetur sadipscing elitr, sed diam nonumy eirmod tempor invidunt ut labore et dolore magna aliquyam erat, sed diam voluptua. At vero eos et accusam et justo duo dolores et ea rebum. Stet clita kasd gubergren, no sea takimata sanctus est Lorem ipsum dolor sit amet.</p>\r\n\r\n<p>Lorem ipsum dolor sit amet, consetetur sadipscing elitr, sed diam nonumy eirmod tempor invidunt ut labore et dolore magna aliquyam erat, sed diam voluptua. At vero eos et accusam et justo duo dolores et ea rebum. Stet clita kasd gubergren, no sea takimata sanctus est Lorem ipsum dolor sit amet.</p>\r\n'),
	(10,'fr','Wysiwyg',4,'value','<p>Lors des vols command&eacute;s de Global View, Simon Schmitt a pour habitude de ballader ses objectifs dans le ciel de nos villes, villages et campagnes, chateaux ou autres sites remarquables.&nbsp;Depuis 2002, vol apr&egrave;s vol, Global View s&rsquo;est ainsi enrichi d&rsquo;une <strong>collection impressionante de plus d&rsquo;un million de clich&eacute;s</strong>. &nbsp;Ce vaste choix de photos a&eacute;riennes est aujourd&rsquo;hui propos&eacute; &agrave; des prix avantageux dans notre phototh&egrave;que.</p>\r\n\r\n<p>Recherchez par&nbsp;<strong>localisation&nbsp;g&eacute;ographique sur la carte,&nbsp;</strong>par&nbsp;<strong>mots cl&eacute;s</strong><strong>,</strong> ou visitez nos&nbsp;<strong>galeries th&eacute;matiques</strong>&nbsp;<strong>!</strong></p>\r\n\r\n<p>NB&nbsp;: <strong>Les photos pr&eacute;sent&eacute;es sur ce site ne constitue qu&rsquo;un petit &eacute;chantillon de la base de donn&eacute;es dont dispose Global View&nbsp;</strong>: le processus de r&eacute;f&eacute;rencement complet des photos est actuellement en cours&nbsp;; chaque nouveau vol entraine de nouveaux clich&eacute;s &agrave; encoder&nbsp;! N&#39;h&eacute;sitez pas &agrave; <strong>nous</strong>&nbsp;<strong>confier&nbsp;votre recherche</strong> pour trouver un site n&rsquo;aparaissant pas encore dans la phototh&egrave;que.</p>\r\n'),
	(11,'nl','Wysiwyg',4,'value','<p>Lorem ipsum dolor sit amet, consetetur sadipscing elitr, sed diam nonumy eirmod tempor invidunt ut labore et dolore magna aliquyam erat, sed diam voluptua. At vero eos et accusam et justo duo dolores et ea rebum. Stet clita kasd gubergren, no sea&nbsp;<strong>takimata</strong>&nbsp;sanctus est Lorem ipsum dolor sit amet. Lorem ipsum dolor sit amet,&nbsp;<strong>consetetur sadipscing</strong>&nbsp;elitr, sed diam nonumy eirmod tempor invidunt ut labore et dolore magna aliquyam erat, sed diam voluptua. At vero eos et accusam et justo duo dolores et ea rebum. Stet clita kasd gubergren, no sea takimata sanctus est Lorem ipsum dolor sit amet. Lorem ipsum dolor sit amet, consetetur sadipscing elitr, sed diam nonumy&nbsp;<strong>eirmod tempor</strong>&nbsp;invidunt ut labore et dolore magna aliquyam erat, sed diam voluptua.&nbsp;</p>\r\n\r\n<p>NB: Consetetur sadipscing elitr, sed diam nonumy eirmod tempor invidunt ut labore et dolore magna aliquyam erat, sed diam voluptua. At vero eos et accusam et justo duo dolores et ea rebum. Stet clita kasd gubergren, no&nbsp;<strong>sea takimata sanctus&nbsp;</strong>est Lorem ipsum dolor sit amet. Lorem ipsum dolor sit amet, consetetur sadipscing elitr, sed diam nonumy eirmod tempor invidunt ut labore et dolore magna aliquyam erat, sed diam voluptua. At vero eos et accusam et justo duo dolores et ea rebum. Stet clita kasd gubergren, no sea takimata sanctus est Lorem ipsum dolor sit amet.&nbsp;</p>\r\n'),
	(12,'en','Wysiwyg',4,'value','<p>Lorem ipsum dolor sit amet, consetetur sadipscing elitr, sed diam nonumy eirmod tempor invidunt ut labore et dolore magna aliquyam erat, sed diam voluptua. At vero eos et accusam et justo duo dolores et ea rebum. Stet clita kasd gubergren, no sea&nbsp;<strong>takimata</strong>&nbsp;sanctus est Lorem ipsum dolor sit amet. Lorem ipsum dolor sit amet,&nbsp;<strong>consetetur sadipscing</strong>&nbsp;elitr, sed diam nonumy eirmod tempor invidunt ut labore et dolore magna aliquyam erat, sed diam voluptua. At vero eos et accusam et justo duo dolores et ea rebum. Stet clita kasd gubergren, no sea takimata sanctus est Lorem ipsum dolor sit amet. Lorem ipsum dolor sit amet, consetetur sadipscing elitr, sed diam nonumy&nbsp;<strong>eirmod tempor</strong>&nbsp;invidunt ut labore et dolore magna aliquyam erat, sed diam voluptua.&nbsp;</p>\r\n\r\n<p>NB: Consetetur sadipscing elitr, sed diam nonumy eirmod tempor invidunt ut labore et dolore magna aliquyam erat, sed diam voluptua. At vero eos et accusam et justo duo dolores et ea rebum. Stet clita kasd gubergren, no&nbsp;<strong>sea takimata sanctus&nbsp;</strong>est Lorem ipsum dolor sit amet. Lorem ipsum dolor sit amet, consetetur sadipscing elitr, sed diam nonumy eirmod tempor invidunt ut labore et dolore magna aliquyam erat, sed diam voluptua. At vero eos et accusam et justo duo dolores et ea rebum. Stet clita kasd gubergren, no sea takimata sanctus est Lorem ipsum dolor sit amet.&nbsp;</p>\r\n'),
	(13,'fr','Wysiwyg',5,'value','<h3 style=\"color:#aaa; font-style:italic\">R&eacute;alisation de photographies a&eacute;rienes sur mesure&nbsp;:</h3>\r\n\r\n<p>Pendant la<strong> pleine saison</strong>, en fonction des demandes qui nous parviennent, nous planifions nos vols et proposons un <strong>prix forfaitaire par cible</strong>.</p>\r\n\r\n<p>Ce <strong>tarif r&eacute;duit</strong> d&eacute;coule du fait que Les prises de vues sont r&eacute;alis&eacute;es lors de vols collectifs regroupant plusieurs clients d&rsquo;une m&ecirc;me zone g&eacute;ographique.</p>\r\n\r\n<p>Sans aucune concession &agrave; la qualitt&eacute;, ces forfaits comprennent :</p>\r\n\r\n<ul>\r\n	<li>\r\n	<p>un rep&eacute;rage au sol incluant un <strong>brieifng pr&eacute;alable</strong> sur place avec le client,</p>\r\n	</li>\r\n	<li>\r\n	<p>tous les frais li&eacute;s &agrave; la bonne r&eacute;alisation des clich&eacute;s (h&eacute;licopt&egrave;re, pilote, photographe, frais administratifs),</p>\r\n	</li>\r\n	<li>\r\n	<p>l&rsquo;<strong>optimisation</strong> graphique des images r&eacute;alis&eacute;es,</p>\r\n	</li>\r\n	<li>\r\n	<p>la remise de l&rsquo;ensemble du travail, apr&egrave;s <strong>validation</strong>, en <strong>format num&eacute;rique haute r&eacute;solution</strong> sur DVD ou via t&eacute;l&eacute;chargement,</p>\r\n	</li>\r\n	<li>\r\n	<p>la <strong>licence</strong> pour toutes les utilisations commerciales sans limite de dur&eacute;e</p>\r\n	</li>\r\n</ul>\r\n\r\n<p>Bien sur, une <strong>commande urgente</strong> peut &ecirc;tre r&eacute;alis&eacute;e &agrave; tout moment; hors de la logique collective, les tarifs forfaitaires ne sont alors toutefois &nbsp;pas garantis. Les tarifs seront d&egrave;s lors adapt&eacute;s &agrave; la commande en fonction de sa sp&eacute;cificit&eacute;.</p>\r\n\r\n<p>Lorsque cela est justifi&eacute; (<strong>plusieurs cibles, commandes r&eacute;ccurentes</strong>), un prix global peut par ailleurs &ecirc;tre discut&eacute;.</p>\r\n\r\n<p>A titre informatif, consultez les <strong>tarifs forfaitaires par cible</strong> de nos derniers vols.</p>\r\n\r\n<h3 style=\"color:#aaa; font-style:italic\">Achat de clich&eacute;s existants&nbsp;:</h3>\r\n\r\n<p>Si vous souhaitez acheter une ou plusieurs de nos photos existantes de <strong>notre phototh&egrave;que</strong>, nous vous informons que nos tarifs sont bas&eacute;s sur ceux de la SOFAM (Soci&eacute;t&eacute; d&rsquo;Auteurs Sp&eacute;cialis&eacute;e dans les Arts Visuels) et que nous tarifons nos photos &agrave; 150% des <a href=\"http://www.sofam.be/fr/61/Tarifs\" target=\"_blank\">montants de base &eacute;tablis par la SOFAM</a>.</p>\r\n\r\n<h3 style=\"color:#aaa; font-style:italic\"><em>D&eacute;lais&nbsp;:</em>&nbsp;</h3>\r\n\r\n<p>Dans le cadre des commandes en &laquo;&nbsp;vol group&eacute;&nbsp;&raquo;, Global View survole chaque ann&eacute;e et &agrave; plusieurs reprises l&rsquo;ensemble de la Belgique et du Grand Duch&eacute; du Luxembourg. Le nombre toujours plus grand de clients qui nous font confiance permet d&rsquo;offrir des d&eacute;lais de r&eacute;alisation tr&egrave;s courts, g&eacute;n&eacute;ralement de l&rsquo;ordre de <strong>quelques semaines</strong>.</p>\r\n\r\n<p>Renseignez-vous sur nos prochains vols.</p>\r\n\r\n<h3 style=\"color:#aaa; font-style:italic\">Supports &amp; Droits</h3>\r\n\r\n<p>Que ce soit pour des impressions ou qu&rsquo;il s&rsquo;agisse d&rsquo;un clich&eacute; en format num&eacute;rique, nous apportons un soin tr&egrave;s particulier &agrave; vous d&eacute;livrer un r&eacute;sultat impeccable.</p>\r\n\r\n<p><em>Fichiers num&eacute;riques&nbsp;:</em>&nbsp;Apr&egrave;s un travail d&rsquo;optimisation graphique approfondi, nous fournissons directement nos photos au format num&eacute;rique sur DVD ou via t&eacute;l&eacute;chargement. Les fichiers num&eacute;riques sont toujours&nbsp;<strong>disponibles en haute r&eacute;solution</strong>&nbsp;si necessaire.</p>\r\n\r\n<p><em>Autres types de supports&nbsp;:</em>&nbsp;Pour les impressions sur papier photo, Alu Dibond, plexiglas, support lamin&eacute;, sur toile, caissons lumineux, etc&hellip;, nous travaillons &nbsp;avec des professionnels reconnus et s&eacute;lectionn&eacute;s pour leur savoir-faire.</p>\r\n\r\n<p><em>Droits&nbsp;:</em>&nbsp;Pour les fichiers num&eacute;riques issus de la phototh&egrave;que, vous disposez d&rsquo;une&nbsp;<strong>licence n&eacute;goci&eacute;e</strong>&nbsp;en &nbsp;fonction de l&rsquo;usage envisag&eacute;.</p>\r\n'),
	(14,'nl','Wysiwyg',5,'value','<h3 style=\"color:#aaa; font-style:italic\">Aangepaste luchtfoto&#39;s<em>&nbsp;:</em></h3>\r\n\r\n<p>Consetetur sadipscing elitr, sed diam&nbsp;<strong>nonumy</strong>&nbsp;eirmod tempor&nbsp;<strong>invidunt</strong>&nbsp;ut labore et dolore magna aliquyam erat, sed diam voluptua. At vero eos et accusam et justo duo dolores et ea rebum. Stet clita kasd gubergren, no sea takimata sanctus est Lorem ipsum dolor sit amet.</p>\r\n\r\n<ul>\r\n	<li>Lorem ipsum dolor sit amet, consetetur sadipscing elitr, sed diam nonumy eirmod tempor invidunt ut labore et dolore magna aliquyam erat, sed diam voluptua.</li>\r\n	<li>At vero eos et accusam et justo duo dolores et ea rebum.</li>\r\n	<li>Stet clita kasd gubergren, no sea takimata sanctus est Lorem ipsum dolor sit amet.</li>\r\n</ul>\r\n\r\n<p>Lorem ipsum dolor sit amet, consetetur sadipscing elitr, sed diam nonumy eirmod tempor invidunt ut labore et dolore magna aliquyam erat, sed diam voluptua. At vero eos et accusam et justo duo dolores et ea rebum. Stet clita kasd gubergren, no sea takimata sanctus.</p>\r\n\r\n<h3 style=\"color:rgb(170, 170, 170); font-style:italic\">Duis autem vel eum iriure&nbsp;:</h3>\r\n\r\n<p>Ut wisi enim ad minim veniam, quis nostrud exerci tation ullamcorper suscipit lobortis nisl ut aliquip ex ea commodo consequat. Duis autem vel eum iriure dolor in hendrerit in vulputate velit esse molestie consequat, vel illum dolore eu feugiat nulla facilisis at vero eros et accumsan et iusto odio dignissim qui blandit praesent luptatum zzril delenit augue duis dolore te feugait nulla facilisi.&nbsp;: <a href=\"http://www.sofam.be/nl/61/Tarieven\">http://www.sofam.be/nl/61/Tarieven</a>&nbsp;Ut wisi enim ad minim veniam, quis nostrud exerci tation ullamcorper suscipit lobortis nisl ut aliquip ex ea commodo consequat. Duis autem vel eum iriure dolor in hendrerit in vulputate velit esse molestie consequat, vel illum dolore eu feugiat nulla facilisis at vero eros et accumsan et iusto odio dignissim qui blandit praesent luptatum zzril delenit augue duis dolore te feugait nulla facilisi.</p>\r\n\r\n<h3 style=\"color:rgb(170, 170, 170); font-style:italic\">Nam liber tempor cum soluta nobis</h3>\r\n\r\n<p>Nam liber tempor cum soluta nobis eleifend option congue nihil imperdiet doming id quod mazim placerat facer possim assum. Lorem ipsum dolor sit amet, consectetuer adipiscing elit, sed diam nonummy nibh euismod tincidunt ut laoreet dolore magna aliquam erat volutpat. Ut wisi enim ad minim veniam, quis nostrud exerci tation ullamcorper suscipit lobortis nisl ut aliquip ex ea commodo consequat.&nbsp;Duis autem vel eum iriure dolor in hendrerit in vulputate velit esse molestie consequat, vel illum dolore eu feugiat nulla facilisis at vero eros et accumsan et iusto odio dignissim qui blandit praesent luptatum zzril delenit augue duis dolore te feugait nulla facilisi. Lorem ipsum dolor sit amet, consectetuer adipiscing elit, sed diam nonummy nibh euismod tincidunt ut laoreet dolore magna aliquam erat volutpat.</p>\r\n\r\n<h3 style=\"color:rgb(170, 170, 170); font-style:italic\">Ut wisi enim ad minim veniam, quis nostrud&nbsp;</h3>\r\n\r\n<p>Duis autem vel eum iriure dolor in hendrerit in vulputate velit esse molestie consequat, vel illum dolore eu feugiat nulla facilisis at vero eros et accumsan et iusto odio dignissim qui blandit praesent luptatum zzril delenit augue duis dolore te feugait nulla facilisi. Lorem ipsum dolor sit amet, consectetuer adipiscing elit, sed diam nonummy nibh euismod tincidunt ut laoreet dolore magna aliquam erat volutpat.&nbsp;Ut wisi enim ad minim veniam, quis nostrud exerci tation ullamcorper suscipit lobortis nisl ut aliquip ex ea commodo consequat. Duis autem vel eum iriure dolor in hendrerit in vulputate velit esse molestie consequat, vel illum dolore eu feugiat nulla facilisis at vero eros et accumsan et iusto odio dignissim qui blandit praesent luptatum zzril delenit augue duis dolore te feugait nulla facilisi.</p>\r\n'),
	(15,'en','Wysiwyg',5,'value','<h3 style=\"color:#aaa; font-style:italic\"><em>Custom aerial photographies&nbsp;:</em></h3>\r\n\r\n<p>Consetetur sadipscing elitr, sed diam <strong>nonumy</strong> eirmod tempor <strong>invidunt</strong> ut labore et dolore magna aliquyam erat, sed diam voluptua. At vero eos et accusam et justo duo dolores et ea rebum. Stet clita kasd gubergren, no sea takimata sanctus est Lorem ipsum dolor sit amet.</p>\r\n\r\n<ul>\r\n	<li>Lorem ipsum dolor sit amet, consetetur sadipscing elitr, sed diam nonumy eirmod tempor invidunt ut labore et dolore magna aliquyam erat, sed diam voluptua.</li>\r\n	<li>At vero eos et accusam et justo duo dolores et ea rebum.</li>\r\n	<li>Stet clita kasd gubergren, no sea takimata sanctus est Lorem ipsum dolor sit amet.</li>\r\n</ul>\r\n\r\n<p>Lorem ipsum dolor sit amet, consetetur sadipscing elitr, sed diam nonumy eirmod tempor invidunt ut labore et dolore magna aliquyam erat, sed diam voluptua. At vero eos et accusam et justo duo dolores et ea rebum. Stet clita kasd gubergren, no sea takimata sanctus.</p>\r\n\r\n<h3 style=\"color:#aaa; font-style:italic\">Duis autem vel eum iriure&nbsp;:</h3>\r\n\r\n<p>Ut wisi enim ad minim veniam, quis nostrud exerci tation ullamcorper suscipit lobortis nisl ut aliquip ex ea commodo consequat. Duis autem vel eum iriure dolor in hendrerit in vulputate velit esse molestie consequat, vel illum dolore eu feugiat nulla facilisis at vero eros et accumsan et iusto odio dignissim qui blandit praesent luptatum zzril delenit augue duis dolore te feugait nulla facilisi.&nbsp;: in french&nbsp;<a href=\"http://www.sofam.be/fr/61/Tarifs\">http://www.sofam.be/fr/61/Tarifs</a>&nbsp;or in dutch&nbsp;<a href=\"http://www.sofam.be/nl/61/Tarieven\">http://www.sofam.be/nl/61/Tarieven</a> Ut wisi enim ad minim veniam, quis nostrud exerci tation ullamcorper suscipit lobortis nisl ut aliquip ex ea commodo consequat. Duis autem vel eum iriure dolor in hendrerit in vulputate velit esse molestie consequat, vel illum dolore eu feugiat nulla facilisis at vero eros et accumsan et iusto odio dignissim qui blandit praesent luptatum zzril delenit augue duis dolore te feugait nulla facilisi.</p>\r\n\r\n<h3 style=\"color:#aaa; font-style:italic\">Nam liber tempor cum soluta nobis</h3>\r\n\r\n<p>Nam liber tempor cum soluta nobis eleifend option congue nihil imperdiet doming id quod mazim placerat facer possim assum. Lorem ipsum dolor sit amet, consectetuer adipiscing elit, sed diam nonummy nibh euismod tincidunt ut laoreet dolore magna aliquam erat volutpat. Ut wisi enim ad minim veniam, quis nostrud exerci tation ullamcorper suscipit lobortis nisl ut aliquip ex ea commodo consequat.&nbsp;Duis autem vel eum iriure dolor in hendrerit in vulputate velit esse molestie consequat, vel illum dolore eu feugiat nulla facilisis at vero eros et accumsan et iusto odio dignissim qui blandit praesent luptatum zzril delenit augue duis dolore te feugait nulla facilisi. Lorem ipsum dolor sit amet, consectetuer adipiscing elit, sed diam nonummy nibh euismod tincidunt ut laoreet dolore magna aliquam erat volutpat.</p>\r\n\r\n<h3 style=\"color:#aaa; font-style:italic\">Ut wisi enim ad minim veniam, quis nostrud&nbsp;</h3>\r\n\r\n<p>Duis autem vel eum iriure dolor in hendrerit in vulputate velit esse molestie consequat, vel illum dolore eu feugiat nulla facilisis at vero eros et accumsan et iusto odio dignissim qui blandit praesent luptatum zzril delenit augue duis dolore te feugait nulla facilisi. Lorem ipsum dolor sit amet, consectetuer adipiscing elit, sed diam nonummy nibh euismod tincidunt ut laoreet dolore magna aliquam erat volutpat.&nbsp;Ut wisi enim ad minim veniam, quis nostrud exerci tation ullamcorper suscipit lobortis nisl ut aliquip ex ea commodo consequat. Duis autem vel eum iriure dolor in hendrerit in vulputate velit esse molestie consequat, vel illum dolore eu feugiat nulla facilisis at vero eros et accumsan et iusto odio dignissim qui blandit praesent luptatum zzril delenit augue duis dolore te feugait nulla facilisi.</p>\r\n'),
	(41,'fr','Wysiwyg',17,'value','<p>Nam liber tempor cum soluta nobis eleifend option congue nihil imperdiet doming id quod mazim placerat facer possim assum. Lorem ipsum dolor sit amet, consectetuer adipiscing elit, sed diam nonummy nibh euismod tincidunt ut laoreet dolore magna aliquam erat volutpat. Ut wisi enim ad minim veniam, quis nostrud exerci tation ullamcorper suscipit lobortis nisl ut aliquip ex ea commodo consequat.</p>\n'),
	(46,'fr','Wysiwyg',22,'value','<h3>Recherche g&eacute;ographique</h3>\n\n<p>Ut wisi enim ad minim veniam, quis nostrud exerci tation ullamcorper suscipit lobortis nisl ut aliquip ex ea commodo consequat. Duis autem vel eum iriure dolor in hendrerit in vulputate velit esse molestie consequat, vel illum dolore eu feugiat nulla facilisis at vero eros et accumsan et iusto odio dignissim qui blandit praesent luptatum zzril delenit augue duis dolore te feugait nulla facilisi.</p>\n'),
	(47,'fr','Wysiwyg',23,'value','<h3>Recherche rapide</h3>\n\n<p>Duis autem vel eum iriure dolor in hendrerit in vulputate velit esse molestie consequat, vel illum dolore eu feugiat nulla facilisis at vero eros et accumsan et iusto odio dignissim qui blandit praesent luptatum zzril delenit augue duis dolore te feugait nulla facilisi. Lorem ipsum dolor sit amet, consectetuer adipiscing elit, sed diam nonummy nibh euismod tincidunt ut laoreet dolore magna aliquam erat volutpat.</p>\n'),
	(48,'fr','Wysiwyg',24,'value','<h3>Recherche th&eacute;matique par mots cl&eacute;s</h3>\r\n\r\n<p>At vero eos et accusam et justo duo dolores et ea rebum. Stet clita kasd gubergren, no sea takimata sanctus est Lorem ipsum dolor sit amet. Lorem ipsum dolor sit amet, consetetur sadipscing elitr, sed diam nonumy eirmod tempor invidunt ut labore et dolore magna aliquyam erat, sed diam voluptua.</p>\r\n\r\n<p>&nbsp;</p>\r\n'),
	(52,'nl','Wysiwyg',24,'value','<h3>Keyword search</h3>\r\n\r\n<p>At vero eos et accusam et justo duo dolores et ea rebum. Stet clita kasd gubergren, no sea takimata sanctus est Lorem ipsum dolor sit amet. Lorem ipsum dolor sit amet, consetetur sadipscing elitr, sed diam nonumy eirmod tempor invidunt ut labore et dolore magna aliquyam erat, sed diam voluptua.</p>\r\n'),
	(53,'en','Wysiwyg',24,'value','<h3>Thematic search by keywords</h3>\r\n\r\n<p>At vero eos et accusam et justo duo dolores et ea rebum. Stet clita kasd gubergren, no sea takimata sanctus est Lorem ipsum dolor sit amet. Lorem ipsum dolor sit amet, consetetur sadipscing elitr, sed diam nonumy eirmod tempor invidunt ut labore et dolore magna aliquyam erat, sed diam voluptua.</p>\r\n'),
	(62,'nl','Wysiwyg',17,'value','<p>Nam liber tempor cum soluta nobis eleifend option congue nihil imperdiet doming id quod mazim placerat facer possim assum. Lorem ipsum dolor sit amet, consectetuer adipiscing elit, sed diam nonummy nibh euismod tincidunt ut laoreet dolore magna aliquam erat volutpat. Ut wisi enim ad minim veniam, quis nostrud exerci tation ullamcorper suscipit lobortis nisl ut aliquip ex ea commodo consequat.</p>\n'),
	(63,'en','Wysiwyg',17,'value','<p>Nam liber tempor cum soluta nobis eleifend option congue nihil imperdiet doming id quod mazim placerat facer possim assum. Lorem ipsum dolor sit amet, consectetuer adipiscing elit, sed diam nonummy nibh euismod tincidunt ut laoreet dolore magna aliquam erat volutpat. Ut wisi enim ad minim veniam, quis nostrud exerci tation ullamcorper suscipit lobortis nisl ut aliquip ex ea commodo consequat.</p>\n'),
	(64,'nl','Wysiwyg',23,'value','<h3>Snel zoeken</h3>\n\n<p>Duis autem vel eum iriure dolor in hendrerit in vulputate velit esse molestie consequat, vel illum dolore eu feugiat nulla facilisis at vero eros et accumsan et iusto odio dignissim qui blandit praesent luptatum zzril delenit augue duis dolore te feugait nulla facilisi. Lorem ipsum dolor sit amet, consectetuer adipiscing elit, sed diam nonummy nibh euismod tincidunt ut laoreet dolore magna aliquam erat volutpat.</p>\n'),
	(65,'en','Wysiwyg',23,'value','<h3>Quick search</h3>\n\n<p>Duis autem vel eum iriure dolor in hendrerit in vulputate velit esse molestie consequat, vel illum dolore eu feugiat nulla facilisis at vero eros et accumsan et iusto odio dignissim qui blandit praesent luptatum zzril delenit augue duis dolore te feugait nulla facilisi. Lorem ipsum dolor sit amet, consectetuer adipiscing elit, sed diam nonummy nibh euismod tincidunt ut laoreet dolore magna aliquam erat volutpat.</p>\n'),
	(66,'nl','Wysiwyg',22,'value','<h3>Geografische onderzoek</h3>\n\n<p>Ut wisi enim ad minim veniam, quis nostrud exerci tation ullamcorper suscipit lobortis nisl ut aliquip ex ea commodo consequat. Duis autem vel eum iriure dolor in hendrerit in vulputate velit esse molestie consequat, vel illum dolore eu feugiat nulla facilisis at vero eros et accumsan et iusto odio dignissim qui blandit praesent luptatum zzril delenit augue duis dolore te feugait nulla facilisi.</p>\n'),
	(67,'en','Wysiwyg',22,'value','<h3>Reographical search</h3>\n\n<p>Ut wisi enim ad minim veniam, quis nostrud exerci tation ullamcorper suscipit lobortis nisl ut aliquip ex ea commodo consequat. Duis autem vel eum iriure dolor in hendrerit in vulputate velit esse molestie consequat, vel illum dolore eu feugiat nulla facilisis at vero eros et accumsan et iusto odio dignissim qui blandit praesent luptatum zzril delenit augue duis dolore te feugait nulla facilisi.</p>\n'),
	(258,'fr','Flight',3,'name','Centre de Bruxelles'),
	(259,'fr','Flight',3,'body','<p><img alt=\"Localisation de la province en Belgique\" src=\"https://upload.wikimedia.org/wikipedia/commons/thumb/9/95/Province_of_Antwerp_%28Belgium%29_location.svg/langfr-280px-Province_of_Antwerp_%28Belgium%29_location.svg.png\" /></p>\r\n\r\n<p>- Objet: r&eacute;alisation de photos et vid&eacute;os a&eacute;riennes&nbsp;sur commande.<br />\r\n- Caract&eacute;ristiques: Vol sans porte en&nbsp;h&eacute;licopt&egrave;re bi-turbines, &agrave; basse, moyenne et haute altitude. Boitiers&nbsp;Full frame D800 et D800E, 36 Mpxls, optiques 14-24, 24-70 et 70-200 f2/8,&nbsp;gyroscope 3 axes.<br />\r\n- Dates: R&eacute;alisation fin Ao&ucirc;t, ou septembre 2015, en semaine lors d&#39;une journ&eacute;e ensoleill&eacute;e;&nbsp;R&eacute;servation avant le 15 Juillet 2015 (d&eacute;rogation et plan de vol necessaires)</p>\r\n'),
	(260,'nl','Flight',3,'name','Brussels centrum'),
	(261,'nl','Flight',3,'body','<p><img alt=\"Localisation de la province en Belgique\" src=\"https://upload.wikimedia.org/wikipedia/commons/thumb/9/95/Province_of_Antwerp_%28Belgium%29_location.svg/langfr-280px-Province_of_Antwerp_%28Belgium%29_location.svg.png\" /></p>\r\n\r\n<p>Donec sed odio dui. Etiam porta sem malesuada magna mollis euismod. Nullam id dolor id nibh ultricies vehicula ut id elit. Morbi leo risus, porta ac consectetur ac, vestibulum at eros. Praesent commodo cursus magna.</p>\r\n'),
	(262,'en','Flight',3,'name','Brussel center'),
	(263,'en','Flight',3,'body','<p><img alt=\"Localisation de la province en Belgique\" src=\"https://upload.wikimedia.org/wikipedia/commons/thumb/9/95/Province_of_Antwerp_%28Belgium%29_location.svg/langfr-280px-Province_of_Antwerp_%28Belgium%29_location.svg.png\" /></p>\r\n\r\n<p>Donec sed odio dui. Etiam porta sem malesuada magna mollis euismod. Nullam id dolor id nibh ultricies vehicula ut id elit. Morbi leo risus, porta ac consectetur ac, vestibulum at eros. Praesent commodo cursus magna.</p>\r\n'),
	(270,'fr','Flight',5,'name','Grand-DuchÃƒÂ© de Luxembourg'),
	(271,'fr','Flight',5,'body','<p><img alt=\"Localisation de la province en Belgique\" src=\"https://upload.wikimedia.org/wikipedia/commons/thumb/9/95/Province_of_Antwerp_%28Belgium%29_location.svg/langfr-280px-Province_of_Antwerp_%28Belgium%29_location.svg.png\" /></p>\r\n\r\n<p>&nbsp;Objet: r&eacute;alisation de photos et vid&eacute;os a&eacute;riennes&nbsp;sur commande.<br />\r\n- Caract&eacute;ristiques: Vol sans porte en&nbsp;h&eacute;licopt&egrave;re R44, &agrave; basse, moyenne et haute altitude. Boitiers&nbsp;Full frame D800 et D800E, 36 Mpxls, optiques 14-24, 24-70 et 70-200 f2/8,&nbsp;gyroscope 3 axes.<br />\r\n- Dates: R&eacute;alisation premi&egrave;re quinzaine de Septembre,&nbsp;en semaine lors d&#39;une journ&eacute;e ensoleill&eacute;e;&nbsp;R&eacute;servation avant le 18 Aout&nbsp;2015 (briefing pr&eacute;alable sur site &agrave; partir du 19/08)&nbsp;</p>\r\n'),
	(272,'nl','Flight',5,'name','Groussherzogtum LÃƒÂ«tzebuerg'),
	(273,'nl','Flight',5,'body','<p><img alt=\"Localisation de la province en Belgique\" src=\"https://upload.wikimedia.org/wikipedia/commons/thumb/9/95/Province_of_Antwerp_%28Belgium%29_location.svg/langfr-280px-Province_of_Antwerp_%28Belgium%29_location.svg.png\" /></p>\r\n\r\n<p>Donec sed odio dui. Cras justo odio, dapibus ac facilisis in, egestas eget quam. Vestibulum id ligula porta felis euismod semper. Fusce dapibus, tellus ac cursus commodo, tortor mauris condimentum nibh, ut fermentum massa justo sit amet risus.</p>\r\n'),
	(274,'en','Flight',5,'name','Grand Duchy of Luxembourg'),
	(275,'en','Flight',5,'body','<p><img alt=\"Localisation de la province en Belgique\" src=\"https://upload.wikimedia.org/wikipedia/commons/thumb/9/95/Province_of_Antwerp_%28Belgium%29_location.svg/langfr-280px-Province_of_Antwerp_%28Belgium%29_location.svg.png\" /></p>\r\n\r\n<p>Donec sed odio dui. Cras justo odio, dapibus ac facilisis in, egestas eget quam. Vestibulum id ligula porta felis euismod semper. Fusce dapibus, tellus ac cursus commodo, tortor mauris condimentum nibh, ut fermentum massa justo sit amet risus.</p>\r\n'),
	(14954,'fr','Flight',6,'name','Pas encore planifiÃƒÂ© ?'),
	(14955,'fr','Flight',6,'body','<p><img alt=\"Localisation de la province en Belgique\" src=\"https://upload.wikimedia.org/wikipedia/commons/thumb/9/95/Province_of_Antwerp_%28Belgium%29_location.svg/langfr-280px-Province_of_Antwerp_%28Belgium%29_location.svg.png\" /></p>\r\n\r\n<p>Ut wisi enim ad minim veniam, quis nostrud exerci tation ullamcorper suscipit lobortis nisl ut aliquip ex ea commodo consequat. Duis autem vel eum iriure dolor in hendrerit in vulputate velit esse molestie consequat, vel illum dolore eu feugiat nulla facilisis at vero eros et accumsan et iusto odio dignissim qui blandit praesent luptatum zzril delenit augue duis dolore te feugait nulla facilisi.</p>\r\n\r\n<p>&nbsp;</p>\r\n'),
	(14956,'nl','Flight',6,'name','Nog niet gepland ?'),
	(14957,'nl','Flight',6,'body','<p><img alt=\"Localisation de la province en Belgique\" src=\"https://upload.wikimedia.org/wikipedia/commons/thumb/9/95/Province_of_Antwerp_%28Belgium%29_location.svg/langfr-280px-Province_of_Antwerp_%28Belgium%29_location.svg.png\" /></p>\r\n\r\n<p>Ut wisi enim ad minim veniam, quis nostrud exerci tation ullamcorper suscipit lobortis nisl ut aliquip ex ea commodo consequat. Duis autem vel eum iriure dolor in hendrerit in vulputate velit esse molestie consequat, vel illum dolore eu feugiat nulla facilisis at vero eros et accumsan et iusto odio dignissim qui blandit praesent luptatum zzril delenit augue duis dolore te feugait nulla facilisi</p>\r\n\r\n<p>&nbsp;</p>\r\n'),
	(14958,'en','Flight',6,'name','Not yet planned ?'),
	(14959,'en','Flight',6,'body','<p><img alt=\"Localisation de la province en Belgique\" src=\"https://upload.wikimedia.org/wikipedia/commons/thumb/9/95/Province_of_Antwerp_%28Belgium%29_location.svg/langfr-280px-Province_of_Antwerp_%28Belgium%29_location.svg.png\" /></p>\r\n\r\n<p>&nbsp;</p>\r\n\r\n<p>Duis autem vel eum iriure dolor in hendrerit in vulputate velit esse molestie consequat, vel illum dolore eu feugiat nulla facilisis at vero eros et accumsan et iusto odio dignissim qui blandit praesent luptatum zzril delenit augue duis dolore te feugait nulla facilisi. Lorem ipsum dolor sit amet, consectetuer adipiscing elit, sed diam nonummy nibh euismod tincidunt ut laoreet dolore magna aliquam erat volutpat.</p>\r\n'),
	(14984,'fr','Wysiwyg',32,'value','<h2>Placez vos rep&egrave;res</h2>\r\n\r\n<p>Consetetur sadipscing elitr, sed diam nonumy eirmod tempor invidunt ut labore et dolore magna aliquyam erat, sed diam voluptua. At vero eos et accusam et justo duo dolores et ea rebum. Stet clita kasd gubergren, no sea takimata sanctus est Lorem ipsum dolor sit amet. Lorem ipsum dolor sit amet, consetetur sadipscing elitr, sed diam nonumy eirmod tempor invidunt ut labore et dolore magna aliquyam erat, sed diam voluptua. At vero eos et accusam et justo duo dolores et ea rebum. Stet clita kasd gubergren, no sea takimata sanctus est Lorem ipsum dolor sit amet. Lorem ipsum dolor sit amet, consetetur sadipscing elitr, sed diam nonumy eirmod tempor invidunt ut labore et dolore magna aliquyam erat, sed diam voluptua. At vero eos et accusam et justo duo dolores et ea rebum. Stet clita kasd gubergren, no sea takimata sanctus.</p>\r\n'),
	(14985,'nl','Wysiwyg',32,'value','<h2>Plaats uw markers</h2>\r\n\r\n<p>Consetetur sadipscing elitr, sed diam nonumy eirmod tempor invidunt ut labore et dolore magna aliquyam erat, sed diam voluptua. At vero eos et accusam et justo duo dolores et ea rebum. Stet clita kasd gubergren, no sea takimata sanctus est Lorem ipsum dolor sit amet. Lorem ipsum dolor sit amet, consetetur sadipscing elitr, sed diam nonumy eirmod tempor invidunt ut labore et dolore magna aliquyam erat, sed diam voluptua. At vero eos et accusam et justo duo dolores et ea rebum. Stet clita kasd gubergren, no sea takimata sanctus est Lorem ipsum dolor sit amet. Lorem ipsum dolor sit amet, consetetur sadipscing elitr, sed diam nonumy eirmod tempor invidunt ut labore et dolore magna aliquyam erat, sed diam voluptua. At vero eos et accusam et justo duo dolores et ea rebum. Stet clita kasd gubergren, no sea takimata sanctus.</p>\r\n'),
	(14986,'en','Wysiwyg',32,'value','<h2>Place your markers</h2>\r\n\r\n<p>Consetetur sadipscing elitr, sed diam nonumy eirmod tempor invidunt ut labore et dolore magna aliquyam erat, sed diam voluptua. At vero eos et accusam et justo duo dolores et ea rebum. Stet clita kasd gubergren, no sea takimata sanctus est Lorem ipsum dolor sit amet. Lorem ipsum dolor sit amet, consetetur sadipscing elitr, sed diam nonumy eirmod tempor invidunt ut labore et dolore magna aliquyam erat, sed diam voluptua. At vero eos et accusam et justo duo dolores et ea rebum. Stet clita kasd gubergren, no sea takimata sanctus est Lorem ipsum dolor sit amet. Lorem ipsum dolor sit amet, consetetur sadipscing elitr, sed diam nonumy eirmod tempor invidunt ut labore et dolore magna aliquyam erat, sed diam voluptua. At vero eos et accusam et justo duo dolores et ea rebum. Stet clita kasd gubergren, no sea takimata sanctus.</p>\r\n'),
	(14987,'fr','Wysiwyg',33,'value','<h3>Entrez vos informations de contact</h3>\r\n\r\n<p>Afin de vous servir au mieux, merci de nous laisser vos information de contact.</p>\r\n'),
	(14988,'nl','Wysiwyg',33,'value','<h3>At vero eos et accusam et justo</h3>\r\n\r\n<p>Duis autem vel eum iriure dolor in hendrerit in vulputate velit esse molestie consequat, vel illum dolore eu feugiat nulla facilisis.</p>\r\n'),
	(14989,'en','Wysiwyg',33,'value','<h3>At vero eos et accusam et justo</h3>\r\n\r\n<p>Duis autem vel eum iriure dolor in hendrerit in vulputate velit esse molestie consequat, vel illum dolore eu feugiat nulla facilisis.</p>\r\n'),
	(14995,'fr','Gallery',1,'name','Le meilleur de 2014'),
	(14996,'fr','Gallery',1,'slug','meilleur_de_2014'),
	(14997,'nl','Gallery',1,'name','Best van 2014'),
	(14998,'nl','Gallery',1,'slug','best_van_2014'),
	(14999,'en','Gallery',1,'name','Best of 2014'),
	(15000,'en','Gallery',1,'slug','best_of_2014'),
	(15009,'fr','Gallery',4,'name','Ouvrages d\'art ÃƒÂ  Bruxelles'),
	(15010,'fr','Gallery',4,'slug','art_a_bruxelles'),
	(15011,'nl','Gallery',4,'name','Structuren in Brussel'),
	(15012,'nl','Gallery',4,'slug','kunst_in_brussel'),
	(15013,'en','Gallery',4,'name','Structures in Brussels'),
	(15014,'en','Gallery',4,'slug','art_in_brussels'),
	(15033,'fr','Gallery',8,'name','Ponts'),
	(15034,'fr','Gallery',8,'slug','ponts'),
	(15035,'nl','Gallery',8,'name','Bruggen'),
	(15036,'nl','Gallery',8,'slug','bruggen'),
	(15037,'en','Gallery',8,'name','Bridges'),
	(15038,'en','Gallery',8,'slug','bridges'),
	(15039,'fr','Wysiwyg',35,'value','<h2>Photographie a&eacute;rienne</h2>\r\n\r\n<p>Global View sprl est une soci&eacute;t&eacute; sp&eacute;cialis&eacute;e dans la&nbsp;<strong>photographie a&eacute;rienne oblique &agrave; caract&egrave;re esth&eacute;thique</strong>.&nbsp;Depuis 2002, Simon Schmitt et ses collaborateurs fournissent des photos de grande qualit&eacute; &agrave; des publics vari&eacute;s&nbsp;: d&eacute;couvrez les t&eacute;moignages.</p>\r\n\r\n<p>Le point de vue a&eacute;rien est id&eacute;al pour mettre en valeur certaines caract&eacute;ristiques d&rsquo;un bien ou d&rsquo;un site.&nbsp;Am&eacute;liorez votre communication en illustrant vos brochures, salles de r&eacute;union, mat&eacute;riels promotionnels, site web, etc... par des vues a&eacute;riennes de grande qualit&eacute;.&nbsp;Global View tient &agrave; votre disposition une &eacute;quipe de professionnels pr&ecirc;te &agrave; r&eacute;aliser pour vous des&nbsp;<strong>photos sur mesure</strong>.</p>\r\n\r\n<p>Global View, dispose &eacute;galement d&rsquo;une importante collection de plus d&rsquo;un million de photographies a&eacute;riennes de la Belgique et du Luxembourg.&nbsp;Depuis 2002,&nbsp;<strong>notre phototh&egrave;que</strong>&nbsp;s&rsquo;enrichit &agrave; chaque vol de nouveaux clich&eacute;s pr&ecirc;ts &agrave; &ecirc;tre d&eacute;clin&eacute;s en fonction de vos d&eacute;sid&eacute;ratas.</p>\r\n\r\n<h3>Approche et services</h3>\r\n\r\n<p>Toute commande est trait&eacute;e avec le plus grand soin par Global View. Le leitmotiv est la satisfaction du client avec l&rsquo;esprit du travail bien fait.</p>\r\n\r\n<p>Depuis 2002, Simon Schmitt se consacre enti&egrave;rement &agrave; cette activit&eacute; et est aujourd&rsquo;hui devenu un des principaux acteurs de l&rsquo;univers photographique a&eacute;rien Belge.&nbsp;Pour toute nouvelle mission,&nbsp;<strong>Simon Schmitt se rend personellement</strong>&nbsp;sur place pour rencontrer son client et d&eacute;finir avec lui le travail &agrave; r&eacute;aliser.</p>\r\n\r\n<p>Depuis le premier contact jusqu&rsquo;&agrave; l&rsquo;arriv&eacute;e de l&rsquo;h&eacute;licopt&egrave;re sur le site, le client est constament tenu inform&eacute; du d&eacute;roulement des &eacute;tapes de la mission.</p>\r\n'),
	(15040,'nl','Wysiwyg',35,'value','<h2>Luchtfotografie</h2>\r\n\r\n<p>Lorem ipsum dolor sit amet, consetetur sadipscing elitr, sed diam nonumy eirmod tempor invidunt ut labore et dolore magna aliquyam erat, sed diam voluptua. At vero eos et accusam et justo duo dolores et ea rebum. Stet clita kasd gubergren, no sea takimata sanctus est Lorem ipsum dolor sit amet. Lorem ipsum dolor sit amet, consetetur sadipscing elitr, sed diam nonumy eirmod tempor invidunt ut labore et dolore magna aliquyam erat, sed diam voluptua. At vero eos et accusam et justo duo dolores et ea rebum. Stet clita kasd gubergren, no sea takimata sanctus est Lorem ipsum dolor sit amet.&nbsp;</p>\r\n\r\n<p>Lorem ipsum dolor sit amet, consetetur sadipscing elitr, sed diam nonumy eirmod tempor invidunt ut labore et dolore magna aliquyam erat, sed diam voluptua. At vero eos et accusam et justo duo dolores et ea rebum. Stet clita kasd gubergren, no sea takimata sanctus est Lorem ipsum dolor sit amet.</p>\r\n\r\n<p>&nbsp;</p>\r\n\r\n<h3>Diensten</h3>\r\n\r\n<p>Lorem ipsum dolor sit amet, consetetur sadipscing elitr, sed diam nonumy eirmod tempor invidunt ut labore et dolore magna aliquyam erat, sed diam voluptua.&nbsp;</p>\r\n\r\n<p>At vero eos et accusam et justo duo dolores et ea rebum. Stet clita kasd gubergren, no sea takimata sanctus est Lorem ipsum dolor sit amet. Lorem ipsum dolor sit amet, consetetur sadipscing elitr, sed diam nonumy eirmod tempor invidunt ut labore et dolore magna aliquyam erat, sed diam voluptua. At vero eos et accusam et justo duo dolores et ea rebum. Stet clita kasd gubergren, no sea takimata sanctus est Lorem ipsum dolor sit amet.&nbsp;</p>\r\n\r\n<p>Lorem ipsum dolor sit amet, consetetur sadipscing elitr, sed diam nonumy eirmod tempor invidunt ut labore et dolore magna aliquyam erat, sed diam voluptua. At vero eos et accusam et justo duo dolores et ea rebum. Stet clita kasd gubergren, no sea takimata sanctus est Lorem ipsum dolor sit amet.</p>\r\n'),
	(15041,'en','Wysiwyg',35,'value','<h2>Aerial photography</h2>\r\n\r\n<p>Lorem ipsum dolor sit amet, consetetur sadipscing elitr, sed diam nonumy eirmod tempor invidunt ut labore et dolore magna aliquyam erat, sed diam voluptua. At vero eos et accusam et justo duo dolores et ea rebum. Stet clita kasd gubergren, no sea takimata sanctus est Lorem ipsum dolor sit amet. Lorem ipsum dolor sit amet, consetetur sadipscing elitr, sed diam nonumy eirmod tempor invidunt ut labore et dolore magna aliquyam erat, sed diam voluptua. At vero eos et accusam et justo duo dolores et ea rebum. Stet clita kasd gubergren, no sea takimata sanctus est Lorem ipsum dolor sit amet.</p>\r\n\r\n<p>Lorem ipsum dolor sit amet, consetetur sadipscing elitr, sed diam nonumy eirmod tempor invidunt ut labore et dolore magna aliquyam erat, sed diam voluptua. At vero eos et accusam et justo duo dolores et ea rebum. Stet clita kasd gubergren, no sea takimata sanctus est Lorem ipsum dolor sit amet.</p>\r\n\r\n<p>&nbsp;</p>\r\n\r\n<h3>Services</h3>\r\n\r\n<p>Lorem ipsum dolor sit amet, consetetur sadipscing elitr, sed diam nonumy eirmod tempor invidunt ut labore et dolore magna aliquyam erat, sed diam voluptua.</p>\r\n\r\n<p>At vero eos et accusam et justo duo dolores et ea rebum. Stet clita kasd gubergren, no sea takimata sanctus est Lorem ipsum dolor sit amet. Lorem ipsum dolor sit amet, consetetur sadipscing elitr, sed diam nonumy eirmod tempor invidunt ut labore et dolore magna aliquyam erat, sed diam voluptua. At vero eos et accusam et justo duo dolores et ea rebum. Stet clita kasd gubergren, no sea takimata sanctus est Lorem ipsum dolor sit amet.</p>\r\n\r\n<p>Lorem ipsum dolor sit amet, consetetur sadipscing elitr, sed diam nonumy eirmod tempor invidunt ut labore et dolore magna aliquyam erat, sed diam voluptua. At vero eos et accusam et justo duo dolores et ea rebum. Stet clita kasd gubergren, no sea takimata sanctus est Lorem ipsum dolor sit amet.</p>\r\n');

/*!40000 ALTER TABLE `gv_i18n` ENABLE KEYS */;
UNLOCK TABLES;


# Affichage de la table gv_target
# ------------------------------------------------------------

DROP TABLE IF EXISTS `gv_target`;

CREATE TABLE `gv_target` (
  `id` int(11) NOT NULL AUTO_INCREMENT,
  `comment` varchar(1024) CHARACTER SET utf8 NOT NULL DEFAULT '',
  `polygon` text CHARACTER SET utf8 NOT NULL,
  `created` datetime NOT NULL,
  `modified` datetime NOT NULL,
  `bookingId` int(11) NOT NULL,
  PRIMARY KEY (`id`)
) ENGINE=InnoDB DEFAULT CHARSET=latin1;

LOCK TABLES `gv_target` WRITE;
/*!40000 ALTER TABLE `gv_target` DISABLE KEYS */;

INSERT INTO `gv_target` (`id`, `comment`, `polygon`, `created`, `modified`, `bookingId`)
VALUES
	(1,'stur','[{\"lat\":51.01137864085547,\"lng\":5.8721923828125},{\"lat\":51.376280962616,\"lng\":6.0919189453125},{\"lat\":51.0182903503433,\"lng\":7.1466064453125},{\"lat\":50.852124881781094,\"lng\":6.6412353515625},{\"lat\":50.85906029908938,\"lng\":5.6634521484375},{\"lat\":50.98372150040732,\"lng\":6.5093994140625},{\"lat\":51.052833446686115,\"lng\":6.3006591796875}]','2016-01-15 01:13:53','2016-01-15 01:13:53',19),
	(2,'A','[{\"lat\":49.99593289233122,\"lng\":5.91339111328125},{\"lat\":50.12641117809973,\"lng\":6.23199462890625},{\"lat\":49.882800516406746,\"lng\":6.23199462890625}]','2016-01-15 01:18:07','2016-01-15 01:18:07',20),
	(3,'B','[{\"lat\":50.245997378498,\"lng\":6.68243408203125},{\"lat\":50.3687881738857,\"lng\":6.99554443359375},{\"lat\":50.13345395010687,\"lng\":6.98455810546875},{\"lat\":50.21788638545399,\"lng\":6.89117431640625}]','2016-01-15 01:18:07','2016-01-15 01:18:07',20),
	(4,'C','[{\"lat\":49.992401526173225,\"lng\":6.45172119140625},{\"lat\":49.95000490239457,\"lng\":6.90765380859375},{\"lat\":49.84739216045269,\"lng\":6.35833740234375},{\"lat\":49.92525628876856,\"lng\":6.36932373046875}]','2016-01-15 01:18:07','2016-01-15 01:18:07',20),
	(5,'B','[{\"lat\":49.89695659220982,\"lng\":6.58905029296875},{\"lat\":50.23897118388973,\"lng\":7.10540771484375},{\"lat\":49.723258471695715,\"lng\":7.15484619140625}]','2016-01-15 01:19:17','2016-01-15 01:19:17',21),
	(6,'maison','[{\"lat\":51.163198368387384,\"lng\":5.5426025390625},{\"lat\":50.455099617229536,\"lng\":5.3338623046875},{\"lat\":51.595201674618934,\"lng\":3.5321044921875},{\"lat\":51.321386485428924,\"lng\":5.4766845703125}]','2016-01-15 01:20:07','2016-01-15 01:20:07',22),
	(7,'entreprise','[{\"lat\":51.30765258961638,\"lng\":6.7840576171875},{\"lat\":51.56789405249296,\"lng\":7.4102783203125},{\"lat\":50.89372191643621,\"lng\":7.2894287109375},{\"lat\":51.108048849946385,\"lng\":6.6522216796875}]','2016-01-15 01:20:07','2016-01-15 01:20:07',22),
	(8,'A','[{\"lat\":49.882800516406746,\"lng\":4.68841552734375},{\"lat\":50.12641117809973,\"lng\":5.00152587890625},{\"lat\":49.992401526173225,\"lng\":5.57281494140625},{\"lat\":49.85447590798499,\"lng\":5.07293701171875},{\"lat\":49.75520894510064,\"lng\":5.07293701171875}]','2016-01-15 01:21:15','2016-01-15 01:21:15',23),
	(9,'B','[{\"lat\":49.86570815992511,\"lng\":5.706024169921875},{\"lat\":50.0653487640064,\"lng\":5.821380615234375},{\"lat\":50.010662512866595,\"lng\":6.063079833984375},{\"lat\":49.83028727255109,\"lng\":5.785675048828125}]','2016-01-15 01:21:15','2016-01-15 01:21:15',23),
	(10,'Ma maison','[{\"lat\":50.82322522630364,\"lng\":4.288325160741806},{\"lat\":50.82324386461185,\"lng\":4.287815541028976},{\"lat\":50.82322183751952,\"lng\":4.287780672311783},{\"lat\":50.82318794966488,\"lng\":4.288301020860672}]','2016-01-15 01:37:25','2016-01-15 01:37:25',24),
	(11,'totot','[{\"lat\":50.03123229162374,\"lng\":4.86419677734375},{\"lat\":50.084132778328055,\"lng\":5.84197998046875},{\"lat\":49.90403307316397,\"lng\":4.83123779296875},{\"lat\":49.96060755991755,\"lng\":4.90264892578125}]','2016-01-15 01:38:33','2016-01-15 01:38:33',25),
	(12,'Cool','[{\"lat\":50.66447857675186,\"lng\":2.9718017578125},{\"lat\":50.928357756555926,\"lng\":3.0816650390625},{\"lat\":50.67840411025711,\"lng\":3.4552001953125}]','2016-01-15 01:40:29','2016-01-15 01:40:29',26),
	(13,'Toto','[{\"lat\":49.661294552128304,\"lng\":5.592041015625},{\"lat\":49.661294552128304,\"lng\":5.9765625},{\"lat\":49.497454970303046,\"lng\":5.855712890625},{\"lat\":49.572319543619166,\"lng\":5.548095703125}]','2016-01-15 01:59:29','2016-01-15 01:59:29',27),
	(14,'toto','[{\"lat\":50.51102496681062,\"lng\":3.0322265625},{\"lat\":51.08044938563426,\"lng\":4.163818359375},{\"lat\":50.378094176069084,\"lng\":4.2626953125},{\"lat\":50.32902552550652,\"lng\":3.33984375}]','2016-01-15 20:35:42','2016-01-15 20:35:42',28);

/*!40000 ALTER TABLE `gv_target` ENABLE KEYS */;
UNLOCK TABLES;


# Affichage de la table gv_users
# ------------------------------------------------------------

DROP TABLE IF EXISTS `gv_users`;

CREATE TABLE `gv_users` (
  `id` int(10) unsigned NOT NULL AUTO_INCREMENT,
  `username` varchar(50) DEFAULT NULL,
  `password` varchar(255) DEFAULT NULL,
  `role` varchar(20) DEFAULT NULL,
  `created` datetime DEFAULT NULL,
  `modified` datetime DEFAULT NULL,
  PRIMARY KEY (`id`)
) ENGINE=InnoDB DEFAULT CHARSET=latin1;

LOCK TABLES `gv_users` WRITE;
/*!40000 ALTER TABLE `gv_users` DISABLE KEYS */;

INSERT INTO `gv_users` (`id`, `username`, `password`, `role`, `created`, `modified`)
VALUES
	(1,'me@theus.be','48fbcc3061ed942a1900886aff11e248ab4a3bf1','admin','2015-05-19 15:02:26','2015-05-19 15:02:26'),
	(2,'simon','e800da1e599d7ab218dfdba6e3d5289d60d51828','admin','2015-05-26 12:57:41','2015-05-26 12:57:41'),
	(3,'seb','d1274e9f3f5cedd09fd9b97ebd4b8014565210df','admin','2016-01-07 01:09:25','2016-01-07 01:09:25');

/*!40000 ALTER TABLE `gv_users` ENABLE KEYS */;
UNLOCK TABLES;


# Affichage de la table gv_wysiwygs
# ------------------------------------------------------------

DROP TABLE IF EXISTS `gv_wysiwygs`;

CREATE TABLE `gv_wysiwygs` (
  `id` int(11) NOT NULL AUTO_INCREMENT,
  `key` varchar(255) NOT NULL,
  `value` text,
  `singleline` tinyint(4) NOT NULL,
  `created` datetime DEFAULT NULL,
  `modified` datetime DEFAULT NULL,
  PRIMARY KEY (`id`),
  KEY `Key` (`key`)
) ENGINE=InnoDB DEFAULT CHARSET=latin1;

LOCK TABLES `gv_wysiwygs` WRITE;
/*!40000 ALTER TABLE `gv_wysiwygs` DISABLE KEYS */;

INSERT INTO `gv_wysiwygs` (`id`, `key`, `value`, `singleline`, `created`, `modified`)
VALUES
	(3,'our-service.techniques','<h2>Techniques</h2>\r\n\r\n<h3>The photographer</h3>\r\n\r\n<p>Ut wisi enim ad minim veniam, quis nostrud exerci tation ullamcorper suscipit lobortis nisl ut aliquip ex ea commodo consequat. Duis autem vel eum iriure dolor in hendrerit in vulputate velit esse molestie consequat, vel illum dolore eu feugiat nulla facilisis at vero eros et accumsan et iusto odio dignissim qui blandit praesent luptatum zzril delenit augue duis dolore te feugait nulla facilisi.</p>\r\n\r\n<p>Consetetur sadipscing elitr, sed diam nonumy eirmod tempor invidunt ut labore et dolore magna aliquyam erat, sed diam voluptua. At vero eos et accusam et justo duo dolores et ea rebum. Stet clita kasd gubergren, no sea takimata sanctus est Lorem ipsum dolor sit amet. Lorem ipsum dolor sit amet, consetetur sadipscing elitr, sed diam nonumy eirmod tempor invidunt ut labore et dolore magna aliquyam erat, sed diam voluptua. At vero eos et accusam et justo duo dolores et ea rebum. Stet clita kasd gubergren, no sea takimata sanctus est Lorem ipsum dolor sit amet. Lorem ipsum dolor sit amet, consetetur sadipscing elitr, sed diam nonumy eirmod tempor invidunt ut labore et dolore magna aliquyam erat, sed diam voluptua. At vero eos et accusam et justo duo dolores et ea rebum. Stet clita kasd gubergren, no sea takimata sanctus.</p>\r\n\r\n<h3>The helicopter</h3>\r\n\r\n<p>Ut wisi enim ad minim veniam, quis nostrud exerci tation ullamcorper suscipit lobortis:</p>\r\n\r\n<ul>\r\n	<li>Consetetur sadipscing elitr, sed diam nonumy eirmod tempor invidunt ut labore et dolore magna aliquyam erat, sed diam voluptua. At vero eos et accusam et justo duo dolores et ea rebum. Stet clita kasd gubergren, no sea takimata sanctus est Lorem ipsum dolor sit amet.</li>\r\n	<li>Lorem ipsum dolor sit amet, consetetur sadipscing elitr, sed diam nonumy eirmod tempor invidunt ut labore et dolore magna aliquyam erat, sed diam voluptua.</li>\r\n	<li>At vero eos et accusam et justo duo dolores et ea rebum. Stet clita kasd gubergren, no sea takimata sanctus est Lorem ipsum dolor sit amet. Lorem ipsum dolor sit amet, consetetur sadipscing elitr, sed diam nonumy eirmod tempor invidunt ut labore et dolore magna aliquyam erat, sed diam voluptua.</li>\r\n	<li>At vero eos et accusam et justo duo dolores et ea rebum. Stet clita kasd gubergren, no sea takimata sanctus.</li>\r\n</ul>\r\n\r\n<p>Lorem ipsum dolor sit amet, consetetur sadipscing elitr, sed diam nonumy eirmod tempor invidunt ut labore et dolore magna aliquyam erat, sed diam voluptua. At vero eos et accusam et justo duo dolores et ea rebum. Stet clita kasd gubergren, no sea takimata sanctus est Lorem ipsum dolor sit amet. Lorem ipsum dolor sit amet, consetetur sadipscing elitr, sed diam nonumy eirmod tempor invidunt ut labore et dolore magna aliquyam erat, sed diam voluptua. At vero eos et accusam et justo duo dolores et ea rebum. Stet clita kasd gubergren, no sea takimata sanctus est Lorem ipsum dolor sit amet. Lorem ipsum dolor sit amet, consetetur sadipscing elitr, sed diam nonumy eirmod tempor invidunt ut labore et dolore magna aliquyam erat, sed diam voluptua. At vero eos et accusam et justo duo dolores et ea rebum. Stet clita kasd gubergren, no sea takimata sanctus est Lorem ipsum dolor sit amet.</p>\r\n\r\n<h3>Weer</h3>\r\n\r\n<p>Lorem ipsum dolor sit amet, consetetur sadipscing elitr, sed diam nonumy eirmod tempor invidunt ut labore et dolore magna aliquyam erat, sed diam voluptua. At vero eos et accusam et justo duo dolores et ea rebum. Stet clita kasd gubergren, no sea takimata sanctus est Lorem ipsum dolor sit amet. Lorem ipsum dolor sit amet, consetetur sadipscing elitr, sed diam nonumy eirmod tempor invidunt ut labore et dolore magna aliquyam erat, sed diam voluptua. At vero eos et accusam et justo duo dolores et ea rebum. Stet clita kasd gubergren, no sea takimata sanctus est Lorem ipsum dolor sit amet.</p>\r\n\r\n<p>Lorem ipsum dolor sit amet, consetetur sadipscing elitr, sed diam nonumy eirmod tempor invidunt ut labore et dolore magna aliquyam erat, sed diam voluptua. At vero eos et accusam et justo duo dolores et ea rebum. Stet clita kasd gubergren, no sea takimata sanctus est Lorem ipsum dolor sit amet.</p>\r\n',0,'2015-01-29 23:49:24','2016-01-13 17:54:10'),
	(4,'our-service.library','<p>Lorem ipsum dolor sit amet, consetetur sadipscing elitr, sed diam nonumy eirmod tempor invidunt ut labore et dolore magna aliquyam erat, sed diam voluptua. At vero eos et accusam et justo duo dolores et ea rebum. Stet clita kasd gubergren, no sea&nbsp;<strong>takimata</strong>&nbsp;sanctus est Lorem ipsum dolor sit amet. Lorem ipsum dolor sit amet,&nbsp;<strong>consetetur sadipscing</strong>&nbsp;elitr, sed diam nonumy eirmod tempor invidunt ut labore et dolore magna aliquyam erat, sed diam voluptua. At vero eos et accusam et justo duo dolores et ea rebum. Stet clita kasd gubergren, no sea takimata sanctus est Lorem ipsum dolor sit amet. Lorem ipsum dolor sit amet, consetetur sadipscing elitr, sed diam nonumy&nbsp;<strong>eirmod tempor</strong>&nbsp;invidunt ut labore et dolore magna aliquyam erat, sed diam voluptua.&nbsp;</p>\r\n\r\n<p>NB: Consetetur sadipscing elitr, sed diam nonumy eirmod tempor invidunt ut labore et dolore magna aliquyam erat, sed diam voluptua. At vero eos et accusam et justo duo dolores et ea rebum. Stet clita kasd gubergren, no&nbsp;<strong>sea takimata sanctus&nbsp;</strong>est Lorem ipsum dolor sit amet. Lorem ipsum dolor sit amet, consetetur sadipscing elitr, sed diam nonumy eirmod tempor invidunt ut labore et dolore magna aliquyam erat, sed diam voluptua. At vero eos et accusam et justo duo dolores et ea rebum. Stet clita kasd gubergren, no sea takimata sanctus est Lorem ipsum dolor sit amet.&nbsp;</p>\r\n',0,'2015-01-29 23:53:40','2016-01-13 17:50:57'),
	(5,'our-service.prices','<h3 style=\"color:#aaa; font-style:italic\"><em>Custom aerial photographies&nbsp;:</em></h3>\r\n\r\n<p>Consetetur sadipscing elitr, sed diam <strong>nonumy</strong> eirmod tempor <strong>invidunt</strong> ut labore et dolore magna aliquyam erat, sed diam voluptua. At vero eos et accusam et justo duo dolores et ea rebum. Stet clita kasd gubergren, no sea takimata sanctus est Lorem ipsum dolor sit amet.</p>\r\n\r\n<ul>\r\n	<li>Lorem ipsum dolor sit amet, consetetur sadipscing elitr, sed diam nonumy eirmod tempor invidunt ut labore et dolore magna aliquyam erat, sed diam voluptua.</li>\r\n	<li>At vero eos et accusam et justo duo dolores et ea rebum.</li>\r\n	<li>Stet clita kasd gubergren, no sea takimata sanctus est Lorem ipsum dolor sit amet.</li>\r\n</ul>\r\n\r\n<p>Lorem ipsum dolor sit amet, consetetur sadipscing elitr, sed diam nonumy eirmod tempor invidunt ut labore et dolore magna aliquyam erat, sed diam voluptua. At vero eos et accusam et justo duo dolores et ea rebum. Stet clita kasd gubergren, no sea takimata sanctus.</p>\r\n\r\n<h3 style=\"color:#aaa; font-style:italic\">Duis autem vel eum iriure&nbsp;:</h3>\r\n\r\n<p>Ut wisi enim ad minim veniam, quis nostrud exerci tation ullamcorper suscipit lobortis nisl ut aliquip ex ea commodo consequat. Duis autem vel eum iriure dolor in hendrerit in vulputate velit esse molestie consequat, vel illum dolore eu feugiat nulla facilisis at vero eros et accumsan et iusto odio dignissim qui blandit praesent luptatum zzril delenit augue duis dolore te feugait nulla facilisi.&nbsp;: in french&nbsp;<a href=\"http://www.sofam.be/fr/61/Tarifs\">http://www.sofam.be/fr/61/Tarifs</a>&nbsp;or in dutch&nbsp;<a href=\"http://www.sofam.be/nl/61/Tarieven\">http://www.sofam.be/nl/61/Tarieven</a> Ut wisi enim ad minim veniam, quis nostrud exerci tation ullamcorper suscipit lobortis nisl ut aliquip ex ea commodo consequat. Duis autem vel eum iriure dolor in hendrerit in vulputate velit esse molestie consequat, vel illum dolore eu feugiat nulla facilisis at vero eros et accumsan et iusto odio dignissim qui blandit praesent luptatum zzril delenit augue duis dolore te feugait nulla facilisi.</p>\r\n\r\n<h3 style=\"color:#aaa; font-style:italic\">Nam liber tempor cum soluta nobis</h3>\r\n\r\n<p>Nam liber tempor cum soluta nobis eleifend option congue nihil imperdiet doming id quod mazim placerat facer possim assum. Lorem ipsum dolor sit amet, consectetuer adipiscing elit, sed diam nonummy nibh euismod tincidunt ut laoreet dolore magna aliquam erat volutpat. Ut wisi enim ad minim veniam, quis nostrud exerci tation ullamcorper suscipit lobortis nisl ut aliquip ex ea commodo consequat.&nbsp;Duis autem vel eum iriure dolor in hendrerit in vulputate velit esse molestie consequat, vel illum dolore eu feugiat nulla facilisis at vero eros et accumsan et iusto odio dignissim qui blandit praesent luptatum zzril delenit augue duis dolore te feugait nulla facilisi. Lorem ipsum dolor sit amet, consectetuer adipiscing elit, sed diam nonummy nibh euismod tincidunt ut laoreet dolore magna aliquam erat volutpat.</p>\r\n\r\n<h3 style=\"color:#aaa; font-style:italic\">Ut wisi enim ad minim veniam, quis nostrud&nbsp;</h3>\r\n\r\n<p>Duis autem vel eum iriure dolor in hendrerit in vulputate velit esse molestie consequat, vel illum dolore eu feugiat nulla facilisis at vero eros et accumsan et iusto odio dignissim qui blandit praesent luptatum zzril delenit augue duis dolore te feugait nulla facilisi. Lorem ipsum dolor sit amet, consectetuer adipiscing elit, sed diam nonummy nibh euismod tincidunt ut laoreet dolore magna aliquam erat volutpat.&nbsp;Ut wisi enim ad minim veniam, quis nostrud exerci tation ullamcorper suscipit lobortis nisl ut aliquip ex ea commodo consequat. Duis autem vel eum iriure dolor in hendrerit in vulputate velit esse molestie consequat, vel illum dolore eu feugiat nulla facilisis at vero eros et accumsan et iusto odio dignissim qui blandit praesent luptatum zzril delenit augue duis dolore te feugait nulla facilisi.</p>\r\n',0,'2015-01-29 23:56:47','2016-01-13 18:03:03'),
	(17,'our-service.contact-us','<p>Nam liber tempor cum soluta nobis eleifend option congue nihil imperdiet doming id quod mazim placerat facer possim assum. Lorem ipsum dolor sit amet, consectetuer adipiscing elit, sed diam nonummy nibh euismod tincidunt ut laoreet dolore magna aliquam erat volutpat. Ut wisi enim ad minim veniam, quis nostrud exerci tation ullamcorper suscipit lobortis nisl ut aliquip ex ea commodo consequat.</p>\n',0,'2015-05-20 01:34:37','2015-06-29 16:24:01'),
	(22,'home.geographic-search','<h3>Reographical search</h3>\n\n<p>Ut wisi enim ad minim veniam, quis nostrud exerci tation ullamcorper suscipit lobortis nisl ut aliquip ex ea commodo consequat. Duis autem vel eum iriure dolor in hendrerit in vulputate velit esse molestie consequat, vel illum dolore eu feugiat nulla facilisis at vero eros et accumsan et iusto odio dignissim qui blandit praesent luptatum zzril delenit augue duis dolore te feugait nulla facilisi.</p>\n',0,'2015-05-20 01:51:04','2015-06-29 16:16:59'),
	(23,'home.free-text-search','<h3>Quick search</h3>\n\n<p>Duis autem vel eum iriure dolor in hendrerit in vulputate velit esse molestie consequat, vel illum dolore eu feugiat nulla facilisis at vero eros et accumsan et iusto odio dignissim qui blandit praesent luptatum zzril delenit augue duis dolore te feugait nulla facilisi. Lorem ipsum dolor sit amet, consectetuer adipiscing elit, sed diam nonummy nibh euismod tincidunt ut laoreet dolore magna aliquam erat volutpat.</p>\n',0,'2015-05-20 01:54:00','2015-06-29 16:19:07'),
	(24,'home.thematic-search','<h3>Thematic search by keywords</h3>\r\n\r\n<p>At vero eos et accusam et justo duo dolores et ea rebum. Stet clita kasd gubergren, no sea takimata sanctus est Lorem ipsum dolor sit amet. Lorem ipsum dolor sit amet, consetetur sadipscing elitr, sed diam nonumy eirmod tempor invidunt ut labore et dolore magna aliquyam erat, sed diam voluptua.</p>\r\n',0,'2015-05-20 01:55:35','2016-01-13 18:03:26'),
	(32,'book.enter-your-markers','<h2>Place your markers</h2>\r\n\r\n<p>Consetetur sadipscing elitr, sed diam nonumy eirmod tempor invidunt ut labore et dolore magna aliquyam erat, sed diam voluptua. At vero eos et accusam et justo duo dolores et ea rebum. Stet clita kasd gubergren, no sea takimata sanctus est Lorem ipsum dolor sit amet. Lorem ipsum dolor sit amet, consetetur sadipscing elitr, sed diam nonumy eirmod tempor invidunt ut labore et dolore magna aliquyam erat, sed diam voluptua. At vero eos et accusam et justo duo dolores et ea rebum. Stet clita kasd gubergren, no sea takimata sanctus est Lorem ipsum dolor sit amet. Lorem ipsum dolor sit amet, consetetur sadipscing elitr, sed diam nonumy eirmod tempor invidunt ut labore et dolore magna aliquyam erat, sed diam voluptua. At vero eos et accusam et justo duo dolores et ea rebum. Stet clita kasd gubergren, no sea takimata sanctus.</p>\r\n',0,'2015-06-29 16:14:01','2016-01-13 18:09:22'),
	(33,'book.enter-your-coordinates','<h3>At vero eos et accusam et justo</h3>\r\n\r\n<p>Duis autem vel eum iriure dolor in hendrerit in vulputate velit esse molestie consequat, vel illum dolore eu feugiat nulla facilisis.</p>\r\n',0,'2015-06-29 17:23:28','2016-01-13 18:03:57'),
	(35,'our-service.services','<h2>Aerial photography</h2>\r\n\r\n<p>Lorem ipsum dolor sit amet, consetetur sadipscing elitr, sed diam nonumy eirmod tempor invidunt ut labore et dolore magna aliquyam erat, sed diam voluptua. At vero eos et accusam et justo duo dolores et ea rebum. Stet clita kasd gubergren, no sea takimata sanctus est Lorem ipsum dolor sit amet. Lorem ipsum dolor sit amet, consetetur sadipscing elitr, sed diam nonumy eirmod tempor invidunt ut labore et dolore magna aliquyam erat, sed diam voluptua. At vero eos et accusam et justo duo dolores et ea rebum. Stet clita kasd gubergren, no sea takimata sanctus est Lorem ipsum dolor sit amet.</p>\r\n\r\n<p>Lorem ipsum dolor sit amet, consetetur sadipscing elitr, sed diam nonumy eirmod tempor invidunt ut labore et dolore magna aliquyam erat, sed diam voluptua. At vero eos et accusam et justo duo dolores et ea rebum. Stet clita kasd gubergren, no sea takimata sanctus est Lorem ipsum dolor sit amet.</p>\r\n\r\n<p>&nbsp;</p>\r\n\r\n<h3>Services</h3>\r\n\r\n<p>Lorem ipsum dolor sit amet, consetetur sadipscing elitr, sed diam nonumy eirmod tempor invidunt ut labore et dolore magna aliquyam erat, sed diam voluptua.</p>\r\n\r\n<p>At vero eos et accusam et justo duo dolores et ea rebum. Stet clita kasd gubergren, no sea takimata sanctus est Lorem ipsum dolor sit amet. Lorem ipsum dolor sit amet, consetetur sadipscing elitr, sed diam nonumy eirmod tempor invidunt ut labore et dolore magna aliquyam erat, sed diam voluptua. At vero eos et accusam et justo duo dolores et ea rebum. Stet clita kasd gubergren, no sea takimata sanctus est Lorem ipsum dolor sit amet.</p>\r\n\r\n<p>Lorem ipsum dolor sit amet, consetetur sadipscing elitr, sed diam nonumy eirmod tempor invidunt ut labore et dolore magna aliquyam erat, sed diam voluptua. At vero eos et accusam et justo duo dolores et ea rebum. Stet clita kasd gubergren, no sea takimata sanctus est Lorem ipsum dolor sit amet.</p>\r\n',0,'2016-01-13 18:18:11','2016-01-13 18:20:36');

/*!40000 ALTER TABLE `gv_wysiwygs` ENABLE KEYS */;
UNLOCK TABLES;



/*!40111 SET SQL_NOTES=@OLD_SQL_NOTES */;
/*!40101 SET SQL_MODE=@OLD_SQL_MODE */;
/*!40014 SET FOREIGN_KEY_CHECKS=@OLD_FOREIGN_KEY_CHECKS */;
/*!40101 SET CHARACTER_SET_CLIENT=@OLD_CHARACTER_SET_CLIENT */;
/*!40101 SET CHARACTER_SET_RESULTS=@OLD_CHARACTER_SET_RESULTS */;
/*!40101 SET COLLATION_CONNECTION=@OLD_COLLATION_CONNECTION */;
